{
	"credit": "Made with Blockbench",
	"texture_size": [64, 64],
	"textures": {
		"0": "./hammer"
	},
	"elements": [
		{
			"from": [5.75, 13.75, 3.25],
			"to": [10.25, 18.25, 13.25],
			"rotation": {"angle": 0, "axis": "x", "origin": [7, 0, 7.75]},
			"faces": {
				"north": {"uv": [5.75, 0, 6.875, 1.125], "texture": "#0"},
				"east": {"uv": [0, 0, 2.5, 1.125], "texture": "#0"},
				"south": {"uv": [5.75, 1.25, 6.875, 2.375], "texture": "#0"},
				"west": {"uv": [0, 1.25, 2.5, 2.375], "texture": "#0"},
				"up": {"uv": [1.125, 5, 0, 2.5], "texture": "#0"},
				"down": {"uv": [3.625, 0, 2.5, 2.5], "texture": "#0"}
			}
		},
		{
			"from": [9, 13, 2.75],
			"to": [11, 15, 4.75],
			"rotation": {"angle": 0, "axis": "x", "origin": [7, 0, -1.25]},
			"faces": {
				"north": {"uv": [3.75, 0, 4.25, 0.5], "texture": "#0"},
				"east": {"uv": [3.75, 0.5, 4.25, 1], "texture": "#0"},
				"south": {"uv": [3.75, 1, 4.25, 1.5], "texture": "#0"},
				"west": {"uv": [3.75, 1.5, 4.25, 2], "texture": "#0"},
				"up": {"uv": [4.25, 2.5, 3.75, 2], "texture": "#0"},
				"down": {"uv": [8.25, 4, 7.75, 4.5], "texture": "#0"}
			}
		},
		{
			"from": [9, 17, 2.75],
			"to": [11, 19, 4.75],
			"rotation": {"angle": 0, "axis": "x", "origin": [7, 4, -1.25]},
			"faces": {
				"north": {"uv": [4, 8.5, 4.5, 9], "texture": "#0"},
				"east": {"uv": [9, 5.5, 9.5, 6], "texture": "#0"},
				"south": {"uv": [6, 9, 6.5, 9.5], "texture": "#0"},
				"west": {"uv": [9, 6, 9.5, 6.5], "texture": "#0"},
				"up": {"uv": [9.5, 7, 9, 6.5], "texture": "#0"},
				"down": {"uv": [9.5, 7, 9, 7.5], "texture": "#0"}
			}
		},
		{
			"from": [5, 13, 2.75],
			"to": [7, 15, 4.75],
			"rotation": {"angle": 0, "axis": "x", "origin": [3, 0, -1.25]},
			"faces": {
				"north": {"uv": [9, 7.5, 9.5, 8], "texture": "#0"},
				"east": {"uv": [9, 8, 9.5, 8.5], "texture": "#0"},
				"south": {"uv": [9, 8.5, 9.5, 9], "texture": "#0"},
				"west": {"uv": [9, 9, 9.5, 9.5], "texture": "#0"},
				"up": {"uv": [0.5, 9.75, 0, 9.25], "texture": "#0"},
				"down": {"uv": [9.75, 0, 9.25, 0.5], "texture": "#0"}
			}
		},
		{
			"from": [5, 17, 2.75],
			"to": [7, 19, 4.75],
			"rotation": {"angle": 0, "axis": "x", "origin": [3, 4, -1.25]},
			"faces": {
				"north": {"uv": [9.25, 0.5, 9.75, 1], "texture": "#0"},
				"east": {"uv": [9.25, 1, 9.75, 1.5], "texture": "#0"},
				"south": {"uv": [9.25, 1.5, 9.75, 2], "texture": "#0"},
				"west": {"uv": [9.25, 2, 9.75, 2.5], "texture": "#0"},
				"up": {"uv": [9.75, 3, 9.25, 2.5], "texture": "#0"},
				"down": {"uv": [9.75, 3, 9.25, 3.5], "texture": "#0"}
			}
		},
		{
			"from": [9, 17, 11.75],
			"to": [11, 19, 13.75],
			"rotation": {"angle": 0, "axis": "x", "origin": [7, 0, 7.75]},
			"faces": {
				"north": {"uv": [9.25, 3.5, 9.75, 4], "texture": "#0"},
				"east": {"uv": [6.5, 9.25, 7, 9.75], "texture": "#0"},
				"south": {"uv": [7, 9.25, 7.5, 9.75], "texture": "#0"},
				"west": {"uv": [7.5, 9.25, 8, 9.75], "texture": "#0"},
				"up": {"uv": [8.5, 9.75, 8, 9.25], "texture": "#0"},
				"down": {"uv": [9, 9.25, 8.5, 9.75], "texture": "#0"}
			}
		},
		{
			"from": [9.25, 25.75, 0.5],
			"to": [10.75, 27.75, 2.5],
			"rotation": {"angle": 45, "axis": "x", "origin": [7, 8.75, -3.5]},
			"faces": {
				"north": {"uv": [10, 8.5, 10.375, 9], "texture": "#0"},
				"east": {"uv": [0.5, 9.5, 1, 10], "texture": "#0"},
				"south": {"uv": [9, 10, 9.375, 10.5], "texture": "#0"},
				"west": {"uv": [1, 9.5, 1.5, 10], "texture": "#0"},
				"up": {"uv": [10.375, 9.5, 10, 9], "texture": "#0"},
				"down": {"uv": [9.875, 10, 9.5, 10.5], "texture": "#0"}
			}
		},
		{
			"from": [9.25, 25.75, -8.5],
			"to": [10.75, 27.75, -6.5],
			"rotation": {"angle": 45, "axis": "x", "origin": [7, 8.75, -12.5]},
			"faces": {
				"north": {"uv": [10, 9.5, 10.375, 10], "texture": "#0"},
				"east": {"uv": [1.5, 9.5, 2, 10], "texture": "#0"},
				"south": {"uv": [10, 10, 10.375, 10.5], "texture": "#0"},
				"west": {"uv": [2, 9.5, 2.5, 10], "texture": "#0"},
				"up": {"uv": [0.375, 10.75, 0, 10.25], "texture": "#0"},
				"down": {"uv": [10.625, 0, 10.25, 0.5], "texture": "#0"}
			}
		},
		{
			"from": [5.25, 25.75, -8.5],
			"to": [6.75, 27.75, -6.5],
			"rotation": {"angle": 45, "axis": "x", "origin": [3, 8.75, -12.5]},
			"faces": {
				"north": {"uv": [10.25, 0.5, 10.625, 1], "texture": "#0"},
				"east": {"uv": [2.5, 9.5, 3, 10], "texture": "#0"},
				"south": {"uv": [10.25, 1, 10.625, 1.5], "texture": "#0"},
				"west": {"uv": [3, 9.5, 3.5, 10], "texture": "#0"},
				"up": {"uv": [10.625, 2, 10.25, 1.5], "texture": "#0"},
				"down": {"uv": [10.625, 2, 10.25, 2.5], "texture": "#0"}
			}
		},
		{
			"from": [5.25, 25.75, 0.5],
			"to": [6.75, 27.75, 2.5],
			"rotation": {"angle": 45, "axis": "x", "origin": [3, 8.75, -3.5]},
			"faces": {
				"north": {"uv": [10.25, 2.5, 10.625, 3], "texture": "#0"},
				"east": {"uv": [3.5, 9.5, 4, 10], "texture": "#0"},
				"south": {"uv": [10.25, 3, 10.625, 3.5], "texture": "#0"},
				"west": {"uv": [4, 9.5, 4.5, 10], "texture": "#0"},
				"up": {"uv": [10.625, 4, 10.25, 3.5], "texture": "#0"},
				"down": {"uv": [10.625, 4, 10.25, 4.5], "texture": "#0"}
			}
		},
		{
			"from": [6.5, 21.25, 2],
			"to": [9.5, 21.75, 4.3],
			"rotation": {"angle": 22.5, "axis": "x", "origin": [5.75, 2.75, -1.7]},
			"faces": {
				"north": {"uv": [10.75, 5, 11.125, 5.125], "texture": "#0"},
				"east": {"uv": [10.75, 3, 11.3125, 3.125], "texture": "#0"},
				"south": {"uv": [5.25, 10.75, 5.625, 10.875], "texture": "#0"},
				"west": {"uv": [10.75, 3.25, 11.3125, 3.375], "texture": "#0"},
				"up": {"uv": [5.875, 10.5625, 5.5, 10], "texture": "#0"},
				"down": {"uv": [10.375, 5.5, 10, 6.0625], "texture": "#0"}
			}
		},
		{
			"from": [6.5, 14.6, -1.3],
			"to": [9.5, 15.1, 1],
			"rotation": {"angle": -22.5, "axis": "x", "origin": [5.75, 33.6, -5.3]},
			"faces": {
				"north": {"uv": [10.75, 5.25, 11.125, 5.375], "texture": "#0"},
				"east": {"uv": [10.75, 3.5, 11.3125, 3.625], "texture": "#0"},
				"south": {"uv": [5.75, 10.75, 6.125, 10.875], "texture": "#0"},
				"west": {"uv": [10.75, 3.75, 11.3125, 3.875], "texture": "#0"},
				"up": {"uv": [6.375, 10.5625, 6, 10], "texture": "#0"},
				"down": {"uv": [10.375, 6.25, 10, 6.8125], "texture": "#0"}
			}
		},
		{
			"from": [5.25, 21.75, 0.5],
			"to": [6.75, 23.75, 2.5],
			"rotation": {"angle": 45, "axis": "x", "origin": [3, 4.75, -3.5]},
			"faces": {
				"north": {"uv": [10.25, 4.5, 10.625, 5], "texture": "#0"},
				"east": {"uv": [4.5, 9.5, 5, 10], "texture": "#0"},
				"south": {"uv": [10.25, 5, 10.625, 5.5], "texture": "#0"},
				"west": {"uv": [5, 9.5, 5.5, 10], "texture": "#0"},
				"up": {"uv": [6.875, 10.75, 6.5, 10.25], "texture": "#0"},
				"down": {"uv": [7.375, 10.25, 7, 10.75], "texture": "#0"}
			}
		},
		{
			"from": [9.25, 21.75, 0.5],
			"to": [10.75, 23.75, 2.5],
			"rotation": {"angle": 45, "axis": "x", "origin": [7, 4.75, -3.5]},
			"faces": {
				"north": {"uv": [7.5, 10.25, 7.875, 10.75], "texture": "#0"},
				"east": {"uv": [5.5, 9.5, 6, 10], "texture": "#0"},
				"south": {"uv": [8, 10.25, 8.375, 10.75], "texture": "#0"},
				"west": {"uv": [9.5, 5.5, 10, 6], "texture": "#0"},
				"up": {"uv": [8.875, 10.75, 8.5, 10.25], "texture": "#0"},
				"down": {"uv": [0.875, 10.5, 0.5, 11], "texture": "#0"}
			}
		},
		{
			"from": [9.25, 21.75, -8.5],
			"to": [10.75, 23.75, -6.5],
			"rotation": {"angle": 45, "axis": "x", "origin": [7, 4.75, -12.5]},
			"faces": {
				"north": {"uv": [1, 10.5, 1.375, 11], "texture": "#0"},
				"east": {"uv": [6, 9.5, 6.5, 10], "texture": "#0"},
				"south": {"uv": [1.5, 10.5, 1.875, 11], "texture": "#0"},
				"west": {"uv": [9.5, 6, 10, 6.5], "texture": "#0"},
				"up": {"uv": [3.375, 11, 3, 10.5], "texture": "#0"},
				"down": {"uv": [3.875, 10.5, 3.5, 11], "texture": "#0"}
			}
		},
		{
			"from": [5.25, 21.75, -8.5],
			"to": [6.75, 23.75, -6.5],
			"rotation": {"angle": 45, "axis": "x", "origin": [3, 4.75, -12.5]},
			"faces": {
				"north": {"uv": [4, 10.5, 4.375, 11], "texture": "#0"},
				"east": {"uv": [9.5, 6.5, 10, 7], "texture": "#0"},
				"south": {"uv": [10.5, 5.5, 10.875, 6], "texture": "#0"},
				"west": {"uv": [9.5, 7, 10, 7.5], "texture": "#0"},
				"up": {"uv": [10.875, 6.5, 10.5, 6], "texture": "#0"},
				"down": {"uv": [10.875, 6.5, 10.5, 7], "texture": "#0"}
			}
		},
		{
			"from": [6.0925, 13.3675, -11.255],
			"to": [9.9475, 16.5075, -8.115],
			"rotation": {"angle": 45, "axis": "x", "origin": [4.06, -13.3225, -17.535]},
			"faces": {
				"north": {"uv": [3, 6.25, 3.96875, 7.03125], "texture": "#0"},
				"east": {"uv": [2.5, 7.25, 3.28125, 8.03125], "texture": "#0"},
				"south": {"uv": [5.75, 6.5, 6.71875, 7.28125], "texture": "#0"},
				"west": {"uv": [3.5, 7.5, 4.28125, 8.28125], "texture": "#0"},
				"up": {"uv": [7.71875, 3.28125, 6.75, 2.5], "texture": "#0"},
				"down": {"uv": [7.71875, 3.5, 6.75, 4.28125], "texture": "#0"}
			}
		},
		{
			"from": [5.2, 23.75, -4.1],
			"to": [10.8, 25.75, -2.1],
			"rotation": {"angle": 45, "axis": "x", "origin": [3.2, 6.75, -8.1]},
			"faces": {
				"north": {"uv": [6.75, 4.5, 8.15625, 5], "texture": "#0"},
				"east": {"uv": [9.5, 7.5, 10, 8], "texture": "#0"},
				"south": {"uv": [6.75, 5, 8.15625, 5.5], "texture": "#0"},
				"west": {"uv": [9.5, 8, 10, 8.5], "texture": "#0"},
				"up": {"uv": [8.15625, 6, 6.75, 5.5], "texture": "#0"},
				"down": {"uv": [8.15625, 6, 6.75, 6.5], "texture": "#0"}
			}
		},
		{
			"from": [5.45, 23.75, -5.1],
			"to": [10.55, 25.75, -3.1],
			"rotation": {"angle": 45, "axis": "x", "origin": [3.2, 6.75, -9.1]},
			"faces": {
				"north": {"uv": [6.75, 6.5, 8.03125, 7], "texture": "#0"},
				"east": {"uv": [9.5, 8.5, 10, 9], "texture": "#0"},
				"south": {"uv": [7, 0, 8.28125, 0.5], "texture": "#0"},
				"west": {"uv": [9, 9.5, 9.5, 10], "texture": "#0"},
				"up": {"uv": [8.28125, 1, 7, 0.5], "texture": "#0"},
				"down": {"uv": [8.28125, 1, 7, 1.5], "texture": "#0"}
			}
		},
		{
			"from": [5.45, 23.75, -3.1],
			"to": [10.55, 25.75, -1.1],
			"rotation": {"angle": 45, "axis": "x", "origin": [3.2, 6.75, -7.1]},
			"faces": {
				"north": {"uv": [7, 1.5, 8.28125, 2], "texture": "#0"},
				"east": {"uv": [9.5, 9, 10, 9.5], "texture": "#0"},
				"south": {"uv": [7, 2, 8.28125, 2.5], "texture": "#0"},
				"west": {"uv": [9.5, 9.5, 10, 10], "texture": "#0"},
				"up": {"uv": [8.03125, 7.5, 6.75, 7], "texture": "#0"},
				"down": {"uv": [2.28125, 7.25, 1, 7.75], "texture": "#0"}
			}
		},
		{
			"from": [4.85, 22.25, -8],
			"to": [6.35, 23.25, -7],
			"rotation": {"angle": 45, "axis": "x", "origin": [2.6, 4.75, -12.5]},
			"faces": {
				"north": {"uv": [3.5, 7.25, 3.875, 7.5], "texture": "#0"},
				"east": {"uv": [1, 5, 1.25, 5.25], "texture": "#0"},
				"south": {"uv": [10.5, 7, 10.875, 7.25], "texture": "#0"},
				"west": {"uv": [1, 5.25, 1.25, 5.5], "texture": "#0"},
				"up": {"uv": [10.875, 7.5, 10.5, 7.25], "texture": "#0"},
				"down": {"uv": [10.875, 7.5, 10.5, 7.75], "texture": "#0"}
			}
		},
		{
			"from": [4.85, 22.25, 1],
			"to": [6.35, 23.25, 2],
			"rotation": {"angle": 45, "axis": "x", "origin": [2.6, 4.75, -3.5]},
			"faces": {
				"north": {"uv": [10.5, 7.75, 10.875, 8], "texture": "#0"},
				"east": {"uv": [1, 5.5, 1.25, 5.75], "texture": "#0"},
				"south": {"uv": [10.5, 8, 10.875, 8.25], "texture": "#0"},
				"west": {"uv": [1, 5.75, 1.25, 6], "texture": "#0"},
				"up": {"uv": [10.875, 8.5, 10.5, 8.25], "texture": "#0"},
				"down": {"uv": [10.875, 8.5, 10.5, 8.75], "texture": "#0"}
			}
		},
		{
			"from": [4.85, 26.25, 1],
			"to": [6.35, 27.25, 2],
			"rotation": {"angle": 45, "axis": "x", "origin": [2.6, 8.75, -3.5]},
			"faces": {
				"north": {"uv": [10.5, 8.75, 10.875, 9], "texture": "#0"},
				"east": {"uv": [1, 6, 1.25, 6.25], "texture": "#0"},
				"south": {"uv": [9, 10.5, 9.375, 10.75], "texture": "#0"},
				"west": {"uv": [4, 6.25, 4.25, 6.5], "texture": "#0"},
				"up": {"uv": [10.875, 9.25, 10.5, 9], "texture": "#0"},
				"down": {"uv": [10.875, 9.25, 10.5, 9.5], "texture": "#0"}
			}
		},
		{
			"from": [4.85, 26.25, -8],
			"to": [6.35, 27.25, -7],
			"rotation": {"angle": 45, "axis": "x", "origin": [2.6, 8.75, -12.5]},
			"faces": {
				"north": {"uv": [9.5, 10.5, 9.875, 10.75], "texture": "#0"},
				"east": {"uv": [4, 6.5, 4.25, 6.75], "texture": "#0"},
				"south": {"uv": [10.5, 9.5, 10.875, 9.75], "texture": "#0"},
				"west": {"uv": [4, 6.75, 4.25, 7], "texture": "#0"},
				"up": {"uv": [10.875, 10, 10.5, 9.75], "texture": "#0"},
				"down": {"uv": [10.375, 10.5, 10, 10.75], "texture": "#0"}
			}
		},
		{
			"from": [9.65, 26.25, -8],
			"to": [11.15, 27.25, -7],
			"rotation": {"angle": 45, "axis": "x", "origin": [7.4, 8.75, -12.5]},
			"faces": {
				"north": {"uv": [10.5, 10, 10.875, 10.25], "texture": "#0"},
				"east": {"uv": [4, 7, 4.25, 7.25], "texture": "#0"},
				"south": {"uv": [10.5, 10.25, 10.875, 10.5], "texture": "#0"},
				"west": {"uv": [4, 7.25, 4.25, 7.5], "texture": "#0"},
				"up": {"uv": [10.875, 10.75, 10.5, 10.5], "texture": "#0"},
				"down": {"uv": [0.375, 10.75, 0, 11], "texture": "#0"}
			}
		},
		{
			"from": [9.65, 22.25, -8],
			"to": [11.15, 23.25, -7],
			"rotation": {"angle": 45, "axis": "x", "origin": [7.4, 4.75, -12.5]},
			"faces": {
				"north": {"uv": [10.75, 0, 11.125, 0.25], "texture": "#0"},
				"east": {"uv": [3.25, 8.25, 3.5, 8.5], "texture": "#0"},
				"south": {"uv": [10.75, 0.25, 11.125, 0.5], "texture": "#0"},
				"west": {"uv": [0.75, 8.75, 1, 9], "texture": "#0"},
				"up": {"uv": [11.125, 0.75, 10.75, 0.5], "texture": "#0"},
				"down": {"uv": [11.125, 0.75, 10.75, 1], "texture": "#0"}
			}
		},
		{
			"from": [9.65, 22.25, 1],
			"to": [11.15, 23.25, 2],
			"rotation": {"angle": 45, "axis": "x", "origin": [7.4, 4.75, -3.5]},
			"faces": {
				"north": {"uv": [10.75, 1, 11.125, 1.25], "texture": "#0"},
				"east": {"uv": [6.5, 9, 6.75, 9.25], "texture": "#0"},
				"south": {"uv": [10.75, 1.25, 11.125, 1.5], "texture": "#0"},
				"west": {"uv": [0.5, 9.25, 0.75, 9.5], "texture": "#0"},
				"up": {"uv": [11.125, 1.75, 10.75, 1.5], "texture": "#0"},
				"down": {"uv": [11.125, 1.75, 10.75, 2], "texture": "#0"}
			}
		},
		{
			"from": [9.65, 26.25, 1],
			"to": [11.15, 27.25, 2],
			"rotation": {"angle": 45, "axis": "x", "origin": [7.4, 8.75, -3.5]},
			"faces": {
				"north": {"uv": [2, 10.75, 2.375, 11], "texture": "#0"},
				"east": {"uv": [4.5, 10.75, 4.75, 11], "texture": "#0"},
				"south": {"uv": [10.75, 2, 11.125, 2.25], "texture": "#0"},
				"west": {"uv": [10.75, 4.5, 11, 4.75], "texture": "#0"},
				"up": {"uv": [11.125, 2.5, 10.75, 2.25], "texture": "#0"},
				"down": {"uv": [2.875, 10.75, 2.5, 11], "texture": "#0"}
			}
		},
		{
			"from": [9, 13, 11.75],
			"to": [11, 15, 13.75],
			"rotation": {"angle": 0, "axis": "x", "origin": [7, 0, 7.75]},
			"faces": {
				"north": {"uv": [0, 9.75, 0.5, 10.25], "texture": "#0"},
				"east": {"uv": [9.75, 0, 10.25, 0.5], "texture": "#0"},
				"south": {"uv": [9.75, 0.5, 10.25, 1], "texture": "#0"},
				"west": {"uv": [9.75, 1, 10.25, 1.5], "texture": "#0"},
				"up": {"uv": [10.25, 2, 9.75, 1.5], "texture": "#0"},
				"down": {"uv": [10.25, 2, 9.75, 2.5], "texture": "#0"}
			}
		},
		{
			"from": [5, 13, 11.75],
			"to": [7, 15, 13.75],
			"rotation": {"angle": 0, "axis": "x", "origin": [3, 0, 7.75]},
			"faces": {
				"north": {"uv": [9.75, 2.5, 10.25, 3], "texture": "#0"},
				"east": {"uv": [9.75, 3, 10.25, 3.5], "texture": "#0"},
				"south": {"uv": [9.75, 3.5, 10.25, 4], "texture": "#0"},
				"west": {"uv": [9.75, 4, 10.25, 4.5], "texture": "#0"},
				"up": {"uv": [10.25, 5, 9.75, 4.5], "texture": "#0"},
				"down": {"uv": [10.25, 5, 9.75, 5.5], "texture": "#0"}
			}
		},
		{
			"from": [5, 17, 11.75],
			"to": [7, 19, 13.75],
			"rotation": {"angle": 0, "axis": "x", "origin": [3, 0, 7.75]},
			"faces": {
				"north": {"uv": [6.5, 9.75, 7, 10.25], "texture": "#0"},
				"east": {"uv": [7, 9.75, 7.5, 10.25], "texture": "#0"},
				"south": {"uv": [7.5, 9.75, 8, 10.25], "texture": "#0"},
				"west": {"uv": [8, 9.75, 8.5, 10.25], "texture": "#0"},
				"up": {"uv": [9, 10.25, 8.5, 9.75], "texture": "#0"},
				"down": {"uv": [1, 10, 0.5, 10.5], "texture": "#0"}
			}
		},
		{
			"from": [8.5, 16.5, 11.25],
			"to": [10.6, 18.5, 13.35],
			"rotation": {"angle": 0, "axis": "x", "origin": [7, 0, 7.75]},
			"faces": {
				"north": {"uv": [8.25, 6.25, 8.78125, 6.75], "texture": "#0"},
				"east": {"uv": [6.75, 8.25, 7.28125, 8.75], "texture": "#0"},
				"south": {"uv": [8.25, 6.75, 8.78125, 7.25], "texture": "#0"},
				"west": {"uv": [8.25, 7.25, 8.78125, 7.75], "texture": "#0"},
				"up": {"uv": [5.03125, 8.03125, 4.5, 7.5], "texture": "#0"},
				"down": {"uv": [5.78125, 7.5, 5.25, 8.03125], "texture": "#0"}
			}
		},
		{
			"from": [8.5, 13.5, 11.25],
			"to": [10.6, 15.5, 13.35],
			"rotation": {"angle": 0, "axis": "x", "origin": [7, -3, 7.75]},
			"faces": {
				"north": {"uv": [7.5, 8.25, 8.03125, 8.75], "texture": "#0"},
				"east": {"uv": [8.25, 7.75, 8.78125, 8.25], "texture": "#0"},
				"south": {"uv": [8.25, 8.25, 8.78125, 8.75], "texture": "#0"},
				"west": {"uv": [8.5, 0, 9.03125, 0.5], "texture": "#0"},
				"up": {"uv": [6.53125, 8.03125, 6, 7.5], "texture": "#0"},
				"down": {"uv": [7.28125, 7.5, 6.75, 8.03125], "texture": "#0"}
			}
		},
		{
			"from": [5.5, 16.5, 11.25],
			"to": [7.6, 18.5, 13.35],
			"rotation": {"angle": 0, "axis": "x", "origin": [4, 0, 7.75]},
			"faces": {
				"north": {"uv": [8.5, 0.5, 9.03125, 1], "texture": "#0"},
				"east": {"uv": [1, 8.5, 1.53125, 9], "texture": "#0"},
				"south": {"uv": [8.5, 1, 9.03125, 1.5], "texture": "#0"},
				"west": {"uv": [8.5, 1.5, 9.03125, 2], "texture": "#0"},
				"up": {"uv": [8.03125, 8.03125, 7.5, 7.5], "texture": "#0"},
				"down": {"uv": [1.53125, 7.75, 1, 8.28125], "texture": "#0"}
			}
		},
		{
			"from": [5.5, 13.5, 11.25],
			"to": [7.6, 15.5, 13.35],
			"rotation": {"angle": 0, "axis": "x", "origin": [4, -3, 7.75]},
			"faces": {
				"north": {"uv": [1.75, 8.5, 2.28125, 9], "texture": "#0"},
				"east": {"uv": [8.5, 2, 9.03125, 2.5], "texture": "#0"},
				"south": {"uv": [8.5, 2.5, 9.03125, 3], "texture": "#0"},
				"west": {"uv": [8.5, 3, 9.03125, 3.5], "texture": "#0"},
				"up": {"uv": [2.28125, 8.28125, 1.75, 7.75], "texture": "#0"},
				"down": {"uv": [8.28125, 2.5, 7.75, 3.03125], "texture": "#0"}
			}
		},
		{
			"from": [8.5, 16.5, 3.2],
			"to": [10.6, 18.5, 5.3],
			"rotation": {"angle": 0, "axis": "x", "origin": [7, 0, -0.3]},
			"faces": {
				"north": {"uv": [3.25, 8.5, 3.78125, 9], "texture": "#0"},
				"east": {"uv": [8.5, 3.5, 9.03125, 4], "texture": "#0"},
				"south": {"uv": [0, 8.75, 0.53125, 9.25], "texture": "#0"},
				"west": {"uv": [6.75, 8.75, 7.28125, 9.25], "texture": "#0"},
				"up": {"uv": [8.28125, 3.78125, 7.75, 3.25], "texture": "#0"},
				"down": {"uv": [3.03125, 8.25, 2.5, 8.78125], "texture": "#0"}
			}
		},
		{
			"from": [8.5, 13.5, 3.2],
			"to": [10.6, 15.5, 5.3],
			"rotation": {"angle": 0, "axis": "x", "origin": [7, -3, -0.3]},
			"faces": {
				"north": {"uv": [7.5, 8.75, 8.03125, 9.25], "texture": "#0"},
				"east": {"uv": [8.25, 8.75, 8.78125, 9.25], "texture": "#0"},
				"south": {"uv": [0.75, 9, 1.28125, 9.5], "texture": "#0"},
				"west": {"uv": [1.5, 9, 2.03125, 9.5], "texture": "#0"},
				"up": {"uv": [8.78125, 4.53125, 8.25, 4], "texture": "#0"},
				"down": {"uv": [5.03125, 8.25, 4.5, 8.78125], "texture": "#0"}
			}
		},
		{
			"from": [5.5, 16.5, 3.2],
			"to": [7.6, 18.5, 5.3],
			"rotation": {"angle": 0, "axis": "x", "origin": [4, 0, -0.3]},
			"faces": {
				"north": {"uv": [2.25, 9, 2.78125, 9.5], "texture": "#0"},
				"east": {"uv": [3, 9, 3.53125, 9.5], "texture": "#0"},
				"south": {"uv": [3.75, 9, 4.28125, 9.5], "texture": "#0"},
				"west": {"uv": [9, 4, 9.53125, 4.5], "texture": "#0"},
				"up": {"uv": [8.78125, 5.28125, 8.25, 4.75], "texture": "#0"},
				"down": {"uv": [5.78125, 8.25, 5.25, 8.78125], "texture": "#0"}
			}
		},
		{
			"from": [5.5, 13.5, 3.2],
			"to": [7.6, 15.5, 5.3],
			"rotation": {"angle": 0, "axis": "x", "origin": [4, -3, -0.3]},
			"faces": {
				"north": {"uv": [4.5, 9, 5.03125, 9.5], "texture": "#0"},
				"east": {"uv": [9, 4.5, 9.53125, 5], "texture": "#0"},
				"south": {"uv": [9, 5, 9.53125, 5.5], "texture": "#0"},
				"west": {"uv": [5.25, 9, 5.78125, 9.5], "texture": "#0"},
				"up": {"uv": [8.78125, 6.03125, 8.25, 5.5], "texture": "#0"},
				"down": {"uv": [6.53125, 8.25, 6, 8.78125], "texture": "#0"}
			}
		},
		{
			"from": [6.25, -0.75, 6.25],
			"to": [9.75, 2.75, 9.75],
			"rotation": {"angle": 0, "axis": "x", "origin": [7, 0, 7]},
			"faces": {
				"north": {"uv": [5.75, 2.5, 6.625, 3.375], "texture": "#0"},
				"east": {"uv": [5.75, 3.5, 6.625, 4.375], "texture": "#0"},
				"south": {"uv": [5.75, 4.5, 6.625, 5.375], "texture": "#0"},
				"west": {"uv": [5.75, 5.5, 6.625, 6.375], "texture": "#0"},
				"up": {"uv": [1.875, 7.125, 1, 6.25], "texture": "#0"},
				"down": {"uv": [2.875, 6.25, 2, 7.125], "texture": "#0"}
			}
		},
		{
			"from": [6.8, 0, 7.25],
			"to": [9.15, 14.75, 8.75],
			"rotation": {"angle": 0, "axis": "x", "origin": [7, 0, 7]},
			"faces": {
				"north": {"uv": [1.25, 2.5, 1.84375, 6.1875], "texture": "#0"},
				"east": {"uv": [5.25, 0, 5.625, 3.6875], "texture": "#0"},
				"south": {"uv": [2, 2.5, 2.59375, 6.1875], "texture": "#0"},
				"west": {"uv": [5.25, 3.75, 5.625, 7.4375], "texture": "#0"},
				"up": {"uv": [3.59375, 10.375, 3, 10], "texture": "#0"},
				"down": {"uv": [4.34375, 10, 3.75, 10.375], "texture": "#0"}
			}
		},
		{
			"from": [7.2, 0, 6.8],
			"to": [8.8, 14.75, 9.2],
			"rotation": {"angle": 0, "axis": "x", "origin": [7, 0, 7]},
			"faces": {
				"north": {"uv": [0, 5, 0.40625, 8.6875], "texture": "#0"},
				"east": {"uv": [2.75, 2.5, 3.34375, 6.1875], "texture": "#0"},
				"south": {"uv": [0.5, 5, 0.90625, 8.6875], "texture": "#0"},
				"west": {"uv": [3.5, 2.5, 4.09375, 6.1875], "texture": "#0"},
				"up": {"uv": [2.40625, 10.59375, 2, 10], "texture": "#0"},
				"down": {"uv": [2.90625, 10, 2.5, 10.59375], "texture": "#0"}
			}
		},
		{
			"from": [7, 0, 7],
			"to": [9, 14.75, 9],
			"rotation": {"angle": 0, "axis": "x", "origin": [7, 0, 7]},
			"faces": {
				"north": {"uv": [4.25, 0, 4.75, 3.6875], "texture": "#0"},
				"east": {"uv": [4.25, 3.75, 4.75, 7.4375], "texture": "#0"},
				"south": {"uv": [4.75, 0, 5.25, 3.6875], "texture": "#0"},
				"west": {"uv": [4.75, 3.75, 5.25, 7.4375], "texture": "#0"},
				"up": {"uv": [1.5, 10.5, 1, 10], "texture": "#0"},
				"down": {"uv": [2, 10, 1.5, 10.5], "texture": "#0"}
			}
		}
	],
	"display": {
		"thirdperson_righthand": {
			"translation": [0, -0.25, 2.25]
		},
		"thirdperson_lefthand": {
			"translation": [0, 0, 3]
		},
		"firstperson_lefthand": {
			"translation": [0.25, 0.5, 0]
		},
		"ground": {
			"translation": [0, 10.25, 0]
		},
		"gui": {
			"rotation": [0, 91, 0]
		},
		"fixed": {
			"rotation": [0, 91, 0],
			"translation": [0, -0.5, 0]
		}
	},
	"groups": [
		{
			"name": "group",
			"origin": [7, 0, 7],
			"color": 0,
			"children": [0, 1, 2, 3, 4, 5, 6, 7, 8, 9, 10, 11, 12, 13, 14, 15, 16, 17, 18, 19, 20, 21, 22, 23, 24, 25, 26, 27, 28, 29, 30, 31, 32, 33, 34, 35, 36, 37, 38]
		},
		{
			"name": "group",
			"origin": [8, 8, 8],
			"color": 0,
			"children": [39, 40, 41, 42]
		}
	]
}