{
	"credit": "Made with Blockbench",
	"texture_size": [256, 256],
	"textures": {
		"0": "./superior"
	},
	"elements": [
		{
			"from": [8.25, 16.4, -1.25],
			"to": [8.75, 17.25, 0.95],
			"rotation": {"angle": -22.5, "axis": "x", "origin": [7.5, 15.25, -5.45]},
			"faces": {
				"north": {"uv": [6.5, 13, 6.75, 13.4375], "texture": "#0"},
				"east": {"uv": [10, 5, 11.125, 5.4375], "texture": "#0"},
				"south": {"uv": [13, 6.5, 13.25, 6.9375], "texture": "#0"},
				"west": {"uv": [10, 5.5, 11.125, 5.9375], "texture": "#0"},
				"up": {"uv": [6.25, 12.625, 6, 11.5], "texture": "#0"},
				"down": {"uv": [11.75, 6, 11.5, 7.125], "texture": "#0"}
			}
		},
		{
			"from": [7.65, 19, 3.1],
			"to": [9.35, 21, 12.1],
			"rotation": {"angle": 0, "axis": "y", "origin": [7.5, 19, 3.1]},
			"faces": {
				"north": {"uv": [3, 8, 3.875, 9], "texture": "#0"},
				"east": {"uv": [0, 0, 4.5, 1], "texture": "#0"},
				"south": {"uv": [8, 4, 8.875, 5], "texture": "#0"},
				"west": {"uv": [0, 1, 4.5, 2], "texture": "#0"},
				"up": {"uv": [0.875, 6.5, 0, 2], "texture": "#0"},
				"down": {"uv": [1.875, 2, 1, 6.5], "texture": "#0"}
			}
		},
		{
			"from": [7.95, 19.65, 4.7],
			"to": [9.05, 23.45, 5.3],
			"rotation": {"angle": -22.5, "axis": "x", "origin": [7.5, 30.8, 4.7]},
			"faces": {
				"north": {"uv": [6, 5, 6.5625, 6.875], "texture": "#0"},
				"east": {"uv": [9, 8.5, 9.3125, 10.375], "texture": "#0"},
				"south": {"uv": [0, 6.5, 0.5625, 8.375], "texture": "#0"},
				"west": {"uv": [0, 9.5, 0.3125, 11.375], "texture": "#0"},
				"up": {"uv": [4.0625, 12.8125, 3.5, 12.5], "texture": "#0"},
				"down": {"uv": [13.0625, 4, 12.5, 4.3125], "texture": "#0"}
			}
		},
		{
			"from": [7.95, 19.45, 4.4],
			"to": [9.05, 20.55, 5],
			"rotation": {"angle": -22.5, "axis": "x", "origin": [7.5, 27.9, 4.4]},
			"faces": {
				"north": {"uv": [2.5, 11.5, 3.0625, 12.0625], "texture": "#0"},
				"east": {"uv": [4.5, 12.5, 4.8125, 13.0625], "texture": "#0"},
				"south": {"uv": [11.5, 2.5, 12.0625, 3.0625], "texture": "#0"},
				"west": {"uv": [5, 12.5, 5.3125, 13.0625], "texture": "#0"},
				"up": {"uv": [13.0625, 4.8125, 12.5, 4.5], "texture": "#0"},
				"down": {"uv": [7.0625, 12.5, 6.5, 12.8125], "texture": "#0"}
			}
		},
		{
			"from": [7.95, 15.95, 11.7],
			"to": [9.05, 20.45, 12.3],
			"rotation": {"angle": 22.5, "axis": "x", "origin": [7.5, 27.8, 11.7]},
			"faces": {
				"north": {"uv": [4, 5, 4.5625, 7.25], "texture": "#0"},
				"east": {"uv": [8.5, 8, 8.8125, 10.25], "texture": "#0"},
				"south": {"uv": [5, 5, 5.5625, 7.25], "texture": "#0"},
				"west": {"uv": [9, 0, 9.3125, 2.25], "texture": "#0"},
				"up": {"uv": [8.0625, 12.8125, 7.5, 12.5], "texture": "#0"},
				"down": {"uv": [9.0625, 12.5, 8.5, 12.8125], "texture": "#0"}
			}
		},
		{
			"from": [8.15, 23.1, 9.4],
			"to": [8.85, 24.2, 11.1],
			"rotation": {"angle": 22.5, "axis": "x", "origin": [7.5, 23.4, 3.7]},
			"faces": {
				"north": {"uv": [1, 12.5, 1.375, 13.0625], "texture": "#0"},
				"east": {"uv": [10, 6, 10.875, 6.5625], "texture": "#0"},
				"south": {"uv": [12.5, 1, 12.875, 1.5625], "texture": "#0"},
				"west": {"uv": [9.5, 10, 10.375, 10.5625], "texture": "#0"},
				"up": {"uv": [10.875, 11.875, 10.5, 11], "texture": "#0"},
				"down": {"uv": [11.375, 11, 11, 11.875], "texture": "#0"}
			}
		},
		{
			"from": [8.15, 22.4, 12.4],
			"to": [8.85, 23.5, 14.1],
			"rotation": {"angle": 22.5, "axis": "x", "origin": [7.5, 22.7, 6.7]},
			"faces": {
				"north": {"uv": [1.5, 12.5, 1.875, 13.0625], "texture": "#0"},
				"east": {"uv": [2.5, 10.5, 3.375, 11.0625], "texture": "#0"},
				"south": {"uv": [2, 12.5, 2.375, 13.0625], "texture": "#0"},
				"west": {"uv": [3.5, 10.5, 4.375, 11.0625], "texture": "#0"},
				"up": {"uv": [0.375, 12.375, 0, 11.5], "texture": "#0"},
				"down": {"uv": [11.875, 0, 11.5, 0.875], "texture": "#0"}
			}
		},
		{
			"from": [7.75, 23.1, 9],
			"to": [9.25, 24, 11.4],
			"rotation": {"angle": 22.5, "axis": "x", "origin": [7.5, 23.4, 3.7]},
			"faces": {
				"north": {"uv": [11, 4.5, 11.75, 4.9375], "texture": "#0"},
				"east": {"uv": [9.5, 3.5, 10.6875, 3.9375], "texture": "#0"},
				"south": {"uv": [11.5, 1, 12.25, 1.4375], "texture": "#0"},
				"west": {"uv": [9.5, 9, 10.6875, 9.4375], "texture": "#0"},
				"up": {"uv": [5.75, 8.6875, 5, 7.5], "texture": "#0"},
				"down": {"uv": [8.75, 1, 8, 2.1875], "texture": "#0"}
			}
		},
		{
			"from": [7.75, 21.4, 9.2],
			"to": [9.25, 22, 10.6],
			"rotation": {"angle": 22.5, "axis": "x", "origin": [7.5, 21.4, 2.9]},
			"faces": {
				"north": {"uv": [12, 5, 12.75, 5.3125], "texture": "#0"},
				"east": {"uv": [10.5, 12, 11.1875, 12.3125], "texture": "#0"},
				"south": {"uv": [12, 5.5, 12.75, 5.8125], "texture": "#0"},
				"west": {"uv": [12, 10.5, 12.6875, 10.8125], "texture": "#0"},
				"up": {"uv": [10.75, 1.1875, 10, 0.5], "texture": "#0"},
				"down": {"uv": [10.75, 1.5, 10, 2.1875], "texture": "#0"}
			}
		},
		{
			"from": [8.05, 20.9, 9.7],
			"to": [8.95, 21.5, 11.1],
			"rotation": {"angle": 22.5, "axis": "x", "origin": [7.5, 20.9, 3.4]},
			"faces": {
				"north": {"uv": [13, 5, 13.4375, 5.3125], "texture": "#0"},
				"east": {"uv": [12, 11, 12.6875, 11.3125], "texture": "#0"},
				"south": {"uv": [13, 5.5, 13.4375, 5.8125], "texture": "#0"},
				"west": {"uv": [11.5, 12, 12.1875, 12.3125], "texture": "#0"},
				"up": {"uv": [4.9375, 12.1875, 4.5, 11.5], "texture": "#0"},
				"down": {"uv": [5.4375, 11.5, 5, 12.1875], "texture": "#0"}
			}
		},
		{
			"from": [8.05, 17.7, 4.8],
			"to": [8.85, 18.8, 6.3],
			"rotation": {"angle": -22.5, "axis": "x", "origin": [7.5, 18, -1.9]},
			"faces": {
				"north": {"uv": [12.5, 2, 12.875, 2.5625], "texture": "#0"},
				"east": {"uv": [10.5, 7, 11.25, 7.5625], "texture": "#0"},
				"south": {"uv": [2.5, 12.5, 2.875, 13.0625], "texture": "#0"},
				"west": {"uv": [10.5, 8, 11.25, 8.5625], "texture": "#0"},
				"up": {"uv": [6.875, 12.25, 6.5, 11.5], "texture": "#0"},
				"down": {"uv": [7.375, 11.5, 7, 12.25], "texture": "#0"}
			}
		},
		{
			"from": [8.05, 17, 2.1],
			"to": [8.85, 18.1, 3.6],
			"rotation": {"angle": -22.5, "axis": "x", "origin": [7.5, 17.3, -4.6]},
			"faces": {
				"north": {"uv": [3, 12.5, 3.375, 13.0625], "texture": "#0"},
				"east": {"uv": [8.5, 10.5, 9.25, 11.0625], "texture": "#0"},
				"south": {"uv": [12.5, 3, 12.875, 3.5625], "texture": "#0"},
				"west": {"uv": [10.5, 10, 11.25, 10.5625], "texture": "#0"},
				"up": {"uv": [11.875, 8.25, 11.5, 7.5], "texture": "#0"},
				"down": {"uv": [8.875, 11.5, 8.5, 12.25], "texture": "#0"}
			}
		},
		{
			"from": [7.75, 17.7, 4.4],
			"to": [9.25, 18.6, 6.8],
			"rotation": {"angle": -22.5, "axis": "x", "origin": [7.5, 18, -1.9]},
			"faces": {
				"north": {"uv": [11.5, 1.5, 12.25, 1.9375], "texture": "#0"},
				"east": {"uv": [9.5, 9.5, 10.6875, 9.9375], "texture": "#0"},
				"south": {"uv": [11.5, 2, 12.25, 2.4375], "texture": "#0"},
				"west": {"uv": [10, 0, 11.1875, 0.4375], "texture": "#0"},
				"up": {"uv": [2.75, 9.1875, 2, 8], "texture": "#0"},
				"down": {"uv": [8.75, 2.5, 8, 3.6875], "texture": "#0"}
			}
		},
		{
			"from": [7.75, 16, 5.5],
			"to": [9.25, 16.6, 6.9],
			"rotation": {"angle": -22.5, "axis": "x", "origin": [7.5, 16, -0.8]},
			"faces": {
				"north": {"uv": [12, 6, 12.75, 6.3125], "texture": "#0"},
				"east": {"uv": [12, 11.5, 12.6875, 11.8125], "texture": "#0"},
				"south": {"uv": [12, 6.5, 12.75, 6.8125], "texture": "#0"},
				"west": {"uv": [0, 12.5, 0.6875, 12.8125], "texture": "#0"},
				"up": {"uv": [10.75, 3.1875, 10, 2.5], "texture": "#0"},
				"down": {"uv": [10.75, 4, 10, 4.6875], "texture": "#0"}
			}
		},
		{
			"from": [8.05, 15.5, 5],
			"to": [8.95, 16.1, 6.4],
			"rotation": {"angle": -22.5, "axis": "x", "origin": [7.5, 15.5, -1.3]},
			"faces": {
				"north": {"uv": [6, 13, 6.4375, 13.3125], "texture": "#0"},
				"east": {"uv": [12.5, 0, 13.1875, 0.3125], "texture": "#0"},
				"south": {"uv": [13, 6, 13.4375, 6.3125], "texture": "#0"},
				"west": {"uv": [12.5, 0.5, 13.1875, 0.8125], "texture": "#0"},
				"up": {"uv": [11.9375, 5.6875, 11.5, 5], "texture": "#0"},
				"down": {"uv": [5.9375, 11.5, 5.5, 12.1875], "texture": "#0"}
			}
		},
		{
			"from": [7.95, 20.8, 3.6],
			"to": [8.95, 24.6, 4.2],
			"rotation": {"angle": 22.5, "axis": "x", "origin": [7.5, 16.9, 4.2]},
			"faces": {
				"north": {"uv": [1, 7.5, 1.5, 9.375], "texture": "#0"},
				"east": {"uv": [9.5, 0, 9.8125, 1.875], "texture": "#0"},
				"south": {"uv": [1.5, 7.5, 2, 9.375], "texture": "#0"},
				"west": {"uv": [0.5, 9.5, 0.8125, 11.375], "texture": "#0"},
				"up": {"uv": [0.5, 13.3125, 0, 13], "texture": "#0"},
				"down": {"uv": [1, 13, 0.5, 13.3125], "texture": "#0"}
			}
		},
		{
			"from": [7.95, 20, 3.9],
			"to": [9.05, 21.7, 4.5],
			"rotation": {"angle": 22.5, "axis": "x", "origin": [7.5, 14, 4.5]},
			"faces": {
				"north": {"uv": [4.5, 10.5, 5.0625, 11.375], "texture": "#0"},
				"east": {"uv": [11.5, 8.5, 11.8125, 9.375], "texture": "#0"},
				"south": {"uv": [5.5, 10.5, 6.0625, 11.375], "texture": "#0"},
				"west": {"uv": [9, 11.5, 9.3125, 12.375], "texture": "#0"},
				"up": {"uv": [10.0625, 12.8125, 9.5, 12.5], "texture": "#0"},
				"down": {"uv": [11.0625, 12.5, 10.5, 12.8125], "texture": "#0"}
			}
		},
		{
			"from": [7.95, 16, 4.2],
			"to": [9.05, 20, 4.8],
			"rotation": {"angle": -22.5, "axis": "x", "origin": [7.5, 23.9, 4.2]},
			"faces": {
				"north": {"uv": [6, 1, 6.5625, 3], "texture": "#0"},
				"east": {"uv": [7.5, 9, 7.8125, 11], "texture": "#0"},
				"south": {"uv": [6, 3, 6.5625, 5], "texture": "#0"},
				"west": {"uv": [8, 9, 8.3125, 11], "texture": "#0"},
				"up": {"uv": [12.0625, 12.8125, 11.5, 12.5], "texture": "#0"},
				"down": {"uv": [13.0625, 12, 12.5, 12.3125], "texture": "#0"}
			}
		},
		{
			"from": [7.85, 20.8, 4.2],
			"to": [9.15, 22.8, 4.8],
			"rotation": {"angle": 22.5, "axis": "x", "origin": [7.5, 16.9, 4.8]},
			"faces": {
				"north": {"uv": [6.5, 8, 7.25, 9], "texture": "#0"},
				"east": {"uv": [0.5, 11.5, 0.8125, 12.5], "texture": "#0"},
				"south": {"uv": [8, 7, 8.75, 8], "texture": "#0"},
				"west": {"uv": [3.5, 11.5, 3.8125, 12.5], "texture": "#0"},
				"up": {"uv": [12.75, 7.3125, 12, 7], "texture": "#0"},
				"down": {"uv": [8.25, 12, 7.5, 12.3125], "texture": "#0"}
			}
		},
		{
			"from": [7.85, 19.65, 4.1],
			"to": [9.15, 21.65, 4.7],
			"rotation": {"angle": -22.5, "axis": "x", "origin": [7.5, 30.8, 4.1]},
			"faces": {
				"north": {"uv": [7.5, 8, 8.25, 9], "texture": "#0"},
				"east": {"uv": [11.5, 3.5, 11.8125, 4.5], "texture": "#0"},
				"south": {"uv": [0, 8.5, 0.75, 9.5], "texture": "#0"},
				"west": {"uv": [4, 11.5, 4.3125, 12.5], "texture": "#0"},
				"up": {"uv": [12.75, 7.8125, 12, 7.5], "texture": "#0"},
				"down": {"uv": [12.75, 8, 12, 8.3125], "texture": "#0"}
			}
		},
		{
			"from": [8, 19.25, 11.1],
			"to": [9, 21.25, 14.6],
			"rotation": {"angle": 22.5, "axis": "x", "origin": [7.5, 19.25, 11.1]},
			"faces": {
				"north": {"uv": [5.5, 1, 6, 2], "texture": "#0"},
				"east": {"uv": [4, 4, 5.75, 5], "texture": "#0"},
				"south": {"uv": [8.5, 0, 9, 1], "texture": "#0"},
				"west": {"uv": [4.5, 0, 6.25, 1], "texture": "#0"},
				"up": {"uv": [8.5, 6.75, 8, 5], "texture": "#0"},
				"down": {"uv": [6.5, 8, 6, 9.75], "texture": "#0"}
			}
		},
		{
			"from": [8.2, 19.65, 14.4],
			"to": [8.85, 20.75, 16.8],
			"rotation": {"angle": 22.5, "axis": "x", "origin": [7.5, 18.75, 12.3]},
			"faces": {
				"north": {"uv": [5.5, 12.5, 5.8125, 13.0625], "texture": "#0"},
				"east": {"uv": [8.5, 5, 9.6875, 5.5625], "texture": "#0"},
				"south": {"uv": [12.5, 12.5, 12.8125, 13.0625], "texture": "#0"},
				"west": {"uv": [8.5, 6, 9.6875, 6.5625], "texture": "#0"},
				"up": {"uv": [9.8125, 12.1875, 9.5, 11], "texture": "#0"},
				"down": {"uv": [10.3125, 11, 10, 12.1875], "texture": "#0"}
			}
		},
		{
			"from": [8, 15.9, 0.75],
			"to": [9, 17.75, 4.55],
			"rotation": {"angle": -22.5, "axis": "x", "origin": [7.5, 15.75, -4.45]},
			"faces": {
				"north": {"uv": [2.5, 9.5, 3, 10.4375], "texture": "#0"},
				"east": {"uv": [4, 2, 5.875, 2.9375], "texture": "#0"},
				"south": {"uv": [6.5, 10.5, 7, 11.4375], "texture": "#0"},
				"west": {"uv": [4, 3, 5.875, 3.9375], "texture": "#0"},
				"up": {"uv": [4.5, 9.375, 4, 7.5], "texture": "#0"},
				"down": {"uv": [5, 7.5, 4.5, 9.375], "texture": "#0"}
			}
		},
		{
			"from": [8, 0, 6.9],
			"to": [9, 1.6, 7.9],
			"rotation": {"angle": 22.5, "axis": "x", "origin": [7, 0, 5.9]},
			"faces": {
				"north": {"uv": [7, 10.5, 7.5, 11.3125], "texture": "#0"},
				"east": {"uv": [11, 0.5, 11.5, 1.3125], "texture": "#0"},
				"south": {"uv": [1, 11, 1.5, 11.8125], "texture": "#0"},
				"west": {"uv": [1.5, 11, 2, 11.8125], "texture": "#0"},
				"up": {"uv": [6.5, 10.5, 6, 10], "texture": "#0"},
				"down": {"uv": [12, 9.5, 11.5, 10], "texture": "#0"}
			}
		},
		{
			"from": [8, 3, 6.5],
			"to": [9, 4.6, 7.5],
			"rotation": {"angle": 22.5, "axis": "x", "origin": [7, 3, 5.5]},
			"faces": {
				"north": {"uv": [11, 1.5, 11.5, 2.3125], "texture": "#0"},
				"east": {"uv": [2, 11, 2.5, 11.8125], "texture": "#0"},
				"south": {"uv": [11, 2.5, 11.5, 3.3125], "texture": "#0"},
				"west": {"uv": [11, 3.5, 11.5, 4.3125], "texture": "#0"},
				"up": {"uv": [12, 10.5, 11.5, 10], "texture": "#0"},
				"down": {"uv": [12, 10.5, 11.5, 11], "texture": "#0"}
			}
		},
		{
			"from": [8, 3.7, 7],
			"to": [9, 14.9, 8],
			"rotation": {"angle": 0, "axis": "x", "origin": [7, 3.7, 6]},
			"faces": {
				"north": {"uv": [2, 2, 2.5, 7.625], "texture": "#0"},
				"east": {"uv": [2.5, 2, 3, 7.625], "texture": "#0"},
				"south": {"uv": [3, 2, 3.5, 7.625], "texture": "#0"},
				"west": {"uv": [3.5, 2, 4, 7.625], "texture": "#0"},
				"up": {"uv": [12, 11.5, 11.5, 11], "texture": "#0"},
				"down": {"uv": [12, 11.5, 11.5, 12], "texture": "#0"}
			}
		},
		{
			"from": [8, -0.1, 7.5],
			"to": [9, 2.5, 8.5],
			"rotation": {"angle": -22.5, "axis": "x", "origin": [7, -0.1, 6.5]},
			"faces": {
				"north": {"uv": [9, 2.5, 9.5, 3.8125], "texture": "#0"},
				"east": {"uv": [3, 9, 3.5, 10.3125], "texture": "#0"},
				"south": {"uv": [3.5, 9, 4, 10.3125], "texture": "#0"},
				"west": {"uv": [5, 9, 5.5, 10.3125], "texture": "#0"},
				"up": {"uv": [12.5, 0.5, 12, 0], "texture": "#0"},
				"down": {"uv": [12.5, 0.5, 12, 1], "texture": "#0"}
			}
		},
		{
			"from": [8, 15, 7],
			"to": [9, 16.6, 8],
			"rotation": {"angle": 22.5, "axis": "x", "origin": [7, 15, 6]},
			"faces": {
				"north": {"uv": [11, 6, 11.5, 6.8125], "texture": "#0"},
				"east": {"uv": [7.5, 11, 8, 11.8125], "texture": "#0"},
				"south": {"uv": [8, 11, 8.5, 11.8125], "texture": "#0"},
				"west": {"uv": [11, 9, 11.5, 9.8125], "texture": "#0"},
				"up": {"uv": [1.5, 12.5, 1, 12], "texture": "#0"},
				"down": {"uv": [2, 12, 1.5, 12.5], "texture": "#0"}
			}
		},
		{
			"from": [8, 14.9, 7.6],
			"to": [9, 17.5, 8.6],
			"rotation": {"angle": -22.5, "axis": "x", "origin": [7, 14.9, 6.6]},
			"faces": {
				"north": {"uv": [5.5, 9, 6, 10.3125], "texture": "#0"},
				"east": {"uv": [6.5, 9, 7, 10.3125], "texture": "#0"},
				"south": {"uv": [7, 9, 7.5, 10.3125], "texture": "#0"},
				"west": {"uv": [9, 7, 9.5, 8.3125], "texture": "#0"},
				"up": {"uv": [2.5, 12.5, 2, 12], "texture": "#0"},
				"down": {"uv": [12.5, 3.5, 12, 4], "texture": "#0"}
			}
		},
		{
			"from": [8, 19, 6.2],
			"to": [9, 19.6, 6.6],
			"rotation": {"angle": 22.5, "axis": "x", "origin": [7, 18, 5.6]},
			"faces": {
				"north": {"uv": [13, 1, 13.5, 1.3125], "texture": "#0"},
				"east": {"uv": [7.5, 13, 7.6875, 13.3125], "texture": "#0"},
				"south": {"uv": [13, 1.5, 13.5, 1.8125], "texture": "#0"},
				"west": {"uv": [13, 7.5, 13.1875, 7.8125], "texture": "#0"},
				"up": {"uv": [7.5, 13.1875, 7, 13], "texture": "#0"},
				"down": {"uv": [13.5, 7, 13, 7.1875], "texture": "#0"}
			}
		},
		{
			"from": [8, 18, 6.6],
			"to": [9, 20.1, 7.6],
			"rotation": {"angle": 22.5, "axis": "x", "origin": [7, 18, 5.6]},
			"faces": {
				"north": {"uv": [1, 9.5, 1.5, 10.5625], "texture": "#0"},
				"east": {"uv": [1.5, 9.5, 2, 10.5625], "texture": "#0"},
				"south": {"uv": [2, 9.5, 2.5, 10.5625], "texture": "#0"},
				"west": {"uv": [9.5, 2, 10, 3.0625], "texture": "#0"},
				"up": {"uv": [12.5, 4.5, 12, 4], "texture": "#0"},
				"down": {"uv": [12.5, 4.5, 12, 5], "texture": "#0"}
			}
		},
		{
			"from": [7.55, 16.4, 9.6],
			"to": [9.45, 17.5, 10.1],
			"rotation": {"angle": -45, "axis": "x", "origin": [7.2, 15.8, 4.6]},
			"faces": {
				"north": {"uv": [9, 4, 9.9375, 4.5625], "texture": "#0"},
				"east": {"uv": [13, 2, 13.25, 2.5625], "texture": "#0"},
				"south": {"uv": [4, 9.5, 4.9375, 10.0625], "texture": "#0"},
				"west": {"uv": [13, 3, 13.25, 3.5625], "texture": "#0"},
				"up": {"uv": [12.9375, 8.75, 12, 8.5], "texture": "#0"},
				"down": {"uv": [12.9375, 9, 12, 9.25], "texture": "#0"}
			}
		},
		{
			"from": [7.55, 15.7, 9.6],
			"to": [9.45, 16.8, 10.1],
			"rotation": {"angle": -45, "axis": "x", "origin": [7.2, 15.1, 4.6]},
			"faces": {
				"north": {"uv": [9.5, 7, 10.4375, 7.5625], "texture": "#0"},
				"east": {"uv": [3.5, 13, 3.75, 13.5625], "texture": "#0"},
				"south": {"uv": [9.5, 8, 10.4375, 8.5625], "texture": "#0"},
				"west": {"uv": [4, 13, 4.25, 13.5625], "texture": "#0"},
				"up": {"uv": [12.9375, 9.75, 12, 9.5], "texture": "#0"},
				"down": {"uv": [12.9375, 10, 12, 10.25], "texture": "#0"}
			}
		},
		{
			"from": [6.6, 25, 7.3],
			"to": [8.6, 27, 9.3],
			"rotation": {"angle": 45, "axis": "y", "origin": [6.6, 25, 7.3]},
			"faces": {
				"north": {"uv": [4.5, 1, 5.5, 2], "texture": "#0"},
				"east": {"uv": [6.5, 0, 7.5, 1], "texture": "#0"},
				"south": {"uv": [1, 6.5, 2, 7.5], "texture": "#0"},
				"west": {"uv": [7, 1, 8, 2], "texture": "#0"},
				"up": {"uv": [8, 3, 7, 2], "texture": "#0"},
				"down": {"uv": [8, 3, 7, 4], "texture": "#0"}
			}
		},
		{
			"from": [7, 24.6, 7.3],
			"to": [9, 26.6, 9.3],
			"rotation": {"angle": -45, "axis": "x", "origin": [7, 24.6, 7.3]},
			"faces": {
				"north": {"uv": [7, 4, 8, 5], "texture": "#0"},
				"east": {"uv": [7, 5, 8, 6], "texture": "#0"},
				"south": {"uv": [6, 7, 7, 8], "texture": "#0"},
				"west": {"uv": [7, 6, 8, 7], "texture": "#0"},
				"up": {"uv": [8, 8, 7, 7], "texture": "#0"},
				"down": {"uv": [8.5, 0, 7.5, 1], "texture": "#0"}
			}
		}
	],
	"display": {
		"thirdperson_righthand": {
			"translation": [-0.25, -3, 2]
		},
		"thirdperson_lefthand": {
			"translation": [0, -2.25, 3]
		},
		"firstperson_righthand": {
			"rotation": [-11, 180, 0],
			"translation": [1.75, -4, 1.75]
		},
		"firstperson_lefthand": {
			"translation": [2, -3.25, 0]
		},
		"ground": {
			"translation": [0, 17.5, 0]
		},
		"gui": {
			"rotation": [88.52, 48.21, -88.86],
			"translation": [-3.25, -4, 0],
			"scale": [0.86, 0.86, 0.86]
		},
		"fixed": {
			"rotation": [0, 93, 0]
		}
	},
	"groups": [
		{
			"name": "pik",
			"origin": [0, 0, 0],
			"color": 0,
			"children": [0, 1, 2, 3, 4, 5, 6, 7, 8, 9, 10, 11, 12, 13, 14, 15, 16, 17, 18, 19, 20, 21, 22]
		},
		{
			"name": "handle",
			"origin": [8, 8, 8],
			"color": 0,
			"children": [23, 24, 25, 26, 27, 28, 29, 30]
		},
		{
			"name": "eye",
			"origin": [8, 8, 8],
			"color": 0,
			"children": [31, 32]
		},
		33,
		34
	]
}
