{
	"credit": "Made with Blockbench",
	"texture_size": [32, 32],
	"textures": {
		"1": "./moonless"
	},
	"elements": [
		{
			"from": [14, 10, 7],
			"to": [16, 12, 8],
			"rotation": {"angle": 0, "axis": "z", "origin": [15, 11, 8]},
			"faces": {
				"north": {"uv": [5.5, 5, 6.5, 6], "texture": "#1"},
				"east": {"uv": [3, 7.5, 3.5, 8.5], "texture": "#1"},
				"south": {"uv": [6, 0, 7, 1], "texture": "#1"},
				"west": {"uv": [4.5, 7.5, 5, 8.5], "texture": "#1"},
				"up": {"uv": [8.5, 6.5, 7.5, 6], "texture": "#1"},
				"down": {"uv": [8.5, 6.5, 7.5, 7], "texture": "#1"}
			}
		},
		{
			"from": [14.25, 10.75, 7],
			"to": [15.75, 12.25, 8],
			"rotation": {"angle": 0, "axis": "z", "origin": [15, 11.75, 8]},
			"faces": {
				"north": {"uv": [6, 1, 7, 2], "texture": "#1"},
				"east": {"uv": [5, 7.5, 5.5, 8.5], "texture": "#1"},
				"south": {"uv": [6, 2, 7, 3], "texture": "#1"},
				"west": {"uv": [7.5, 7, 8, 8], "texture": "#1"},
				"up": {"uv": [9, 0.5, 8, 0], "texture": "#1"},
				"down": {"uv": [9, 0.5, 8, 1], "texture": "#1"}
			}
		},
		{
			"from": [14.5, 11.25, 7.25],
			"to": [14.75, 13.5, 7.75],
			"rotation": {"angle": -22.5, "axis": "z", "origin": [15, 12.5, 8]},
			"faces": {
				"north": {"uv": [8, 1, 8.5, 2], "texture": "#1"},
				"east": {"uv": [8, 2, 8.5, 3], "texture": "#1"},
				"south": {"uv": [8, 3, 8.5, 4], "texture": "#1"},
				"west": {"uv": [3.5, 8, 4, 9], "texture": "#1"},
				"up": {"uv": [4.5, 4, 4, 3.5], "texture": "#1"},
				"down": {"uv": [10.5, 4.5, 10, 5], "texture": "#1"}
			}
		},
		{
			"from": [15.25, 11.25, 7.25],
			"to": [15.5, 13.5, 7.75],
			"rotation": {"angle": 22.5, "axis": "z", "origin": [15, 12.5, 7]},
			"faces": {
				"north": {"uv": [4, 8, 4.5, 9], "texture": "#1"},
				"east": {"uv": [8, 4, 8.5, 5], "texture": "#1"},
				"south": {"uv": [8, 7, 8.5, 8], "texture": "#1"},
				"west": {"uv": [7.5, 8, 8, 9], "texture": "#1"},
				"up": {"uv": [10.5, 8.5, 10, 8], "texture": "#1"},
				"down": {"uv": [10.5, 9, 10, 9.5], "texture": "#1"}
			}
		},
		{
			"from": [14.5, 10.25, 7.25],
			"to": [14.75, 12.5, 7.75],
			"rotation": {"angle": -22.5, "axis": "z", "origin": [15, 11.5, 8]},
			"faces": {
				"north": {"uv": [8, 8, 8.5, 9], "texture": "#1"},
				"east": {"uv": [8.5, 1, 9, 2], "texture": "#1"},
				"south": {"uv": [8.5, 2, 9, 3], "texture": "#1"},
				"west": {"uv": [3, 8.5, 3.5, 9.5], "texture": "#1"},
				"up": {"uv": [10, 10.5, 9.5, 10], "texture": "#1"},
				"down": {"uv": [10.5, 9.5, 10, 10], "texture": "#1"}
			}
		},
		{
			"from": [15.25, 10.25, 7.25],
			"to": [15.5, 12.5, 7.75],
			"rotation": {"angle": 22.5, "axis": "z", "origin": [15, 11.5, 7]},
			"faces": {
				"north": {"uv": [8.5, 3, 9, 4], "texture": "#1"},
				"east": {"uv": [8.5, 4, 9, 5], "texture": "#1"},
				"south": {"uv": [4.5, 8.5, 5, 9.5], "texture": "#1"},
				"west": {"uv": [5, 8.5, 5.5, 9.5], "texture": "#1"},
				"up": {"uv": [10.5, 10.5, 10, 10], "texture": "#1"},
				"down": {"uv": [0.5, 10.5, 0, 11], "texture": "#1"}
			}
		},
		{
			"from": [14.5, 8.25, 7.25],
			"to": [14.75, 10.5, 7.75],
			"rotation": {"angle": 22.5, "axis": "z", "origin": [14.25, 9.25, 8]},
			"faces": {
				"north": {"uv": [8.5, 6, 9, 7], "texture": "#1"},
				"east": {"uv": [8.5, 7, 9, 8], "texture": "#1"},
				"south": {"uv": [8.5, 8, 9, 9], "texture": "#1"},
				"west": {"uv": [9, 0, 9.5, 1], "texture": "#1"},
				"up": {"uv": [11, 0.5, 10.5, 0], "texture": "#1"},
				"down": {"uv": [1, 10.5, 0.5, 11], "texture": "#1"}
			}
		},
		{
			"from": [15.25, 8.25, 7.25],
			"to": [15.5, 10.5, 7.75],
			"rotation": {"angle": -22.5, "axis": "z", "origin": [15.75, 9.25, 7]},
			"faces": {
				"north": {"uv": [9, 1, 9.5, 2], "texture": "#1"},
				"east": {"uv": [9, 2, 9.5, 3], "texture": "#1"},
				"south": {"uv": [9, 3, 9.5, 4], "texture": "#1"},
				"west": {"uv": [3.5, 9, 4, 10], "texture": "#1"},
				"up": {"uv": [11, 1, 10.5, 0.5], "texture": "#1"},
				"down": {"uv": [1.5, 10.5, 1, 11], "texture": "#1"}
			}
		},
		{
			"from": [14.5, 9.25, 7.25],
			"to": [14.75, 11.5, 7.75],
			"rotation": {"angle": 22.5, "axis": "z", "origin": [14.25, 10.25, 8]},
			"faces": {
				"north": {"uv": [4, 9, 4.5, 10], "texture": "#1"},
				"east": {"uv": [9, 4, 9.5, 5], "texture": "#1"},
				"south": {"uv": [9, 5, 9.5, 6], "texture": "#1"},
				"west": {"uv": [5.5, 9, 6, 10], "texture": "#1"},
				"up": {"uv": [11, 1.5, 10.5, 1], "texture": "#1"},
				"down": {"uv": [2, 10.5, 1.5, 11], "texture": "#1"}
			}
		},
		{
			"from": [15.25, 9.25, 7.25],
			"to": [15.5, 11.5, 7.75],
			"rotation": {"angle": -22.5, "axis": "z", "origin": [15.75, 10.25, 7]},
			"faces": {
				"north": {"uv": [6, 9, 6.5, 10], "texture": "#1"},
				"east": {"uv": [9, 6, 9.5, 7], "texture": "#1"},
				"south": {"uv": [6.5, 9, 7, 10], "texture": "#1"},
				"west": {"uv": [7, 9, 7.5, 10], "texture": "#1"},
				"up": {"uv": [11, 2, 10.5, 1.5], "texture": "#1"},
				"down": {"uv": [2.5, 10.5, 2, 11], "texture": "#1"}
			}
		},
		{
			"from": [13.25, 11.5, 7.25],
			"to": [14, 11.75, 7.75],
			"rotation": {"angle": 0, "axis": "z", "origin": [14.25, 11, 8]},
			"faces": {
				"north": {"uv": [10.5, 2, 11, 2.5], "texture": "#1"},
				"east": {"uv": [2.5, 10.5, 3, 11], "texture": "#1"},
				"south": {"uv": [10.5, 2.5, 11, 3], "texture": "#1"},
				"west": {"uv": [3, 10.5, 3.5, 11], "texture": "#1"},
				"up": {"uv": [11, 3.5, 10.5, 3], "texture": "#1"},
				"down": {"uv": [11, 3.5, 10.5, 4], "texture": "#1"}
			}
		},
		{
			"from": [11.75, 11.5, 7.25],
			"to": [12.5, 11.75, 7.75],
			"rotation": {"angle": 0, "axis": "z", "origin": [12.75, 11, 8]},
			"faces": {
				"north": {"uv": [4, 10.5, 4.5, 11], "texture": "#1"},
				"east": {"uv": [4.5, 10.5, 5, 11], "texture": "#1"},
				"south": {"uv": [10.5, 4.5, 11, 5], "texture": "#1"},
				"west": {"uv": [10.5, 5, 11, 5.5], "texture": "#1"},
				"up": {"uv": [11, 6, 10.5, 5.5], "texture": "#1"},
				"down": {"uv": [11, 6, 10.5, 6.5], "texture": "#1"}
			}
		},
		{
			"from": [13.25, 10.75, 8],
			"to": [14.25, 11.25, 8.25],
			"rotation": {"angle": 0, "axis": "z", "origin": [14.25, 10.5, 8.75]},
			"faces": {
				"north": {"uv": [10.5, 6.5, 11, 7], "texture": "#1"},
				"east": {"uv": [10.5, 7, 11, 7.5], "texture": "#1"},
				"south": {"uv": [7.5, 10.5, 8, 11], "texture": "#1"},
				"west": {"uv": [10.5, 7.5, 11, 8], "texture": "#1"},
				"up": {"uv": [8.5, 11, 8, 10.5], "texture": "#1"},
				"down": {"uv": [11, 8, 10.5, 8.5], "texture": "#1"}
			}
		},
		{
			"from": [11.75, 10.75, 8],
			"to": [12.75, 11.25, 8.25],
			"rotation": {"angle": 0, "axis": "z", "origin": [12.75, 10.5, 8.75]},
			"faces": {
				"north": {"uv": [10.5, 8.5, 11, 9], "texture": "#1"},
				"east": {"uv": [9, 10.5, 9.5, 11], "texture": "#1"},
				"south": {"uv": [10.5, 9, 11, 9.5], "texture": "#1"},
				"west": {"uv": [9.5, 10.5, 10, 11], "texture": "#1"},
				"up": {"uv": [11, 10, 10.5, 9.5], "texture": "#1"},
				"down": {"uv": [10.5, 10.5, 10, 11], "texture": "#1"}
			}
		},
		{
			"from": [13.25, 10.75, 6.75],
			"to": [14.25, 11.25, 7],
			"rotation": {"angle": 0, "axis": "z", "origin": [14.25, 10.5, 7.5]},
			"faces": {
				"north": {"uv": [10.5, 10, 11, 10.5], "texture": "#1"},
				"east": {"uv": [10.5, 10.5, 11, 11], "texture": "#1"},
				"south": {"uv": [0, 11, 0.5, 11.5], "texture": "#1"},
				"west": {"uv": [11, 0, 11.5, 0.5], "texture": "#1"},
				"up": {"uv": [1, 11.5, 0.5, 11], "texture": "#1"},
				"down": {"uv": [11.5, 0.5, 11, 1], "texture": "#1"}
			}
		},
		{
			"from": [15.7, 10.75, 6.75],
			"to": [15.95, 11.25, 7],
			"rotation": {"angle": 0, "axis": "z", "origin": [16.7, 10.5, 7.5]},
			"faces": {
				"north": {"uv": [10.5, 10, 11, 10.5], "texture": "#1"},
				"east": {"uv": [10.5, 10.5, 11, 11], "texture": "#1"},
				"south": {"uv": [0, 11, 0.5, 11.5], "texture": "#1"},
				"west": {"uv": [11, 0, 11.5, 0.5], "texture": "#1"},
				"up": {"uv": [1, 11.5, 0.5, 11], "texture": "#1"},
				"down": {"uv": [11.5, 0.5, 11, 1], "texture": "#1"}
			}
		},
		{
			"from": [15.7, 10.75, 8],
			"to": [15.95, 11.25, 8.25],
			"rotation": {"angle": 0, "axis": "z", "origin": [16.7, 10.5, 8.75]},
			"faces": {
				"north": {"uv": [10.5, 10, 11, 10.5], "texture": "#1"},
				"east": {"uv": [10.5, 10.5, 11, 11], "texture": "#1"},
				"south": {"uv": [0, 11, 0.5, 11.5], "texture": "#1"},
				"west": {"uv": [11, 0, 11.5, 0.5], "texture": "#1"},
				"up": {"uv": [1, 11.5, 0.5, 11], "texture": "#1"},
				"down": {"uv": [11.5, 0.5, 11, 1], "texture": "#1"}
			}
		},
		{
			"from": [11.75, 10.75, 6.75],
			"to": [12.75, 11.25, 7],
			"rotation": {"angle": 0, "axis": "z", "origin": [12.75, 10.5, 7.5]},
			"faces": {
				"north": {"uv": [1, 11, 1.5, 11.5], "texture": "#1"},
				"east": {"uv": [11, 1, 11.5, 1.5], "texture": "#1"},
				"south": {"uv": [1.5, 11, 2, 11.5], "texture": "#1"},
				"west": {"uv": [11, 1.5, 11.5, 2], "texture": "#1"},
				"up": {"uv": [2.5, 11.5, 2, 11], "texture": "#1"},
				"down": {"uv": [11.5, 2, 11, 2.5], "texture": "#1"}
			}
		},
		{
			"from": [11.75, 10.25, 7.25],
			"to": [12.5, 10.5, 7.75],
			"rotation": {"angle": 0, "axis": "z", "origin": [12.75, 10, 8]},
			"faces": {
				"north": {"uv": [2.5, 11, 3, 11.5], "texture": "#1"},
				"east": {"uv": [11, 2.5, 11.5, 3], "texture": "#1"},
				"south": {"uv": [3, 11, 3.5, 11.5], "texture": "#1"},
				"west": {"uv": [11, 3, 11.5, 3.5], "texture": "#1"},
				"up": {"uv": [4, 11.5, 3.5, 11], "texture": "#1"},
				"down": {"uv": [11.5, 3.5, 11, 4], "texture": "#1"}
			}
		},
		{
			"from": [13.25, 10.25, 7.25],
			"to": [14, 10.5, 7.75],
			"rotation": {"angle": 0, "axis": "z", "origin": [14.25, 10, 8]},
			"faces": {
				"north": {"uv": [4, 11, 4.5, 11.5], "texture": "#1"},
				"east": {"uv": [11, 4, 11.5, 4.5], "texture": "#1"},
				"south": {"uv": [4.5, 11, 5, 11.5], "texture": "#1"},
				"west": {"uv": [11, 4.5, 11.5, 5], "texture": "#1"},
				"up": {"uv": [5.5, 11.5, 5, 11], "texture": "#1"},
				"down": {"uv": [11.5, 5, 11, 5.5], "texture": "#1"}
			}
		},
		{
			"from": [11.75, 10.5, 7],
			"to": [15.25, 11.5, 8],
			"rotation": {"angle": 0, "axis": "z", "origin": [14.25, 11, 8]},
			"faces": {
				"north": {"uv": [6, 3, 8, 3.5], "texture": "#1"},
				"east": {"uv": [5.5, 11, 6, 11.5], "texture": "#1"},
				"south": {"uv": [6, 3.5, 8, 4], "texture": "#1"},
				"west": {"uv": [11, 5.5, 11.5, 6], "texture": "#1"},
				"up": {"uv": [8, 4.5, 6, 4], "texture": "#1"},
				"down": {"uv": [8, 4.5, 6, 5], "texture": "#1"}
			}
		},
		{
			"from": [10.85, 11.4, 7.25],
			"to": [12.1, 11.65, 7.75],
			"rotation": {"angle": 22.5, "axis": "z", "origin": [11.85, 10.9, 8]},
			"faces": {
				"north": {"uv": [6, 11, 6.5, 11.5], "texture": "#1"},
				"east": {"uv": [11, 6, 11.5, 6.5], "texture": "#1"},
				"south": {"uv": [6.5, 11, 7, 11.5], "texture": "#1"},
				"west": {"uv": [11, 6.5, 11.5, 7], "texture": "#1"},
				"up": {"uv": [7.5, 11.5, 7, 11], "texture": "#1"},
				"down": {"uv": [11.5, 7, 11, 7.5], "texture": "#1"}
			}
		},
		{
			"from": [10.85, 10.35, 7.25],
			"to": [11.95, 10.6, 7.75],
			"rotation": {"angle": -22.5, "axis": "z", "origin": [11.85, 11.1, 8]},
			"faces": {
				"north": {"uv": [9, 7, 10, 7.5], "texture": "#1"},
				"east": {"uv": [7.5, 11, 8, 11.5], "texture": "#1"},
				"south": {"uv": [7.5, 9, 8.5, 9.5], "texture": "#1"},
				"west": {"uv": [11, 7.5, 11.5, 8], "texture": "#1"},
				"up": {"uv": [10, 8, 9, 7.5], "texture": "#1"},
				"down": {"uv": [10, 8, 9, 8.5], "texture": "#1"}
			}
		},
		{
			"from": [10.65, 10.75, 6.75],
			"to": [11.85, 11.25, 6.9],
			"rotation": {"angle": 22.5, "axis": "y", "origin": [11.85, 11, 7.9]},
			"faces": {
				"north": {"uv": [8, 11, 8.5, 11.5], "texture": "#1"},
				"east": {"uv": [11, 8, 11.5, 8.5], "texture": "#1"},
				"south": {"uv": [8.5, 11, 9, 11.5], "texture": "#1"},
				"west": {"uv": [11, 8.5, 11.5, 9], "texture": "#1"},
				"up": {"uv": [9.5, 11.5, 9, 11], "texture": "#1"},
				"down": {"uv": [11.5, 9, 11, 9.5], "texture": "#1"}
			}
		},
		{
			"from": [9.8, 10.75, 7.9],
			"to": [11, 11.25, 8.05],
			"rotation": {"angle": -22.5, "axis": "y", "origin": [11, 11, 9.15]},
			"faces": {
				"north": {"uv": [9.5, 11, 10, 11.5], "texture": "#1"},
				"east": {"uv": [11, 9.5, 11.5, 10], "texture": "#1"},
				"south": {"uv": [10, 11, 10.5, 11.5], "texture": "#1"},
				"west": {"uv": [11, 10, 11.5, 10.5], "texture": "#1"},
				"up": {"uv": [11, 11.5, 10.5, 11], "texture": "#1"},
				"down": {"uv": [11.5, 10.5, 11, 11], "texture": "#1"}
			}
		},
		{
			"from": [11.25, 10.5, 8],
			"to": [11.75, 11.5, 8.25],
			"rotation": {"angle": 0, "axis": "z", "origin": [11.25, 11, 8]},
			"faces": {
				"north": {"uv": [11, 11, 11.5, 11.5], "texture": "#1"},
				"east": {"uv": [0, 11.5, 0.5, 12], "texture": "#1"},
				"south": {"uv": [11.5, 0, 12, 0.5], "texture": "#1"},
				"west": {"uv": [0.5, 11.5, 1, 12], "texture": "#1"},
				"up": {"uv": [12, 1, 11.5, 0.5], "texture": "#1"},
				"down": {"uv": [1.5, 11.5, 1, 12], "texture": "#1"}
			}
		},
		{
			"from": [11.25, 10.5, 6.75],
			"to": [11.75, 11.5, 7],
			"rotation": {"angle": 0, "axis": "z", "origin": [11.25, 11, 6.75]},
			"faces": {
				"north": {"uv": [11.5, 1, 12, 1.5], "texture": "#1"},
				"east": {"uv": [1.5, 11.5, 2, 12], "texture": "#1"},
				"south": {"uv": [11.5, 1.5, 12, 2], "texture": "#1"},
				"west": {"uv": [2, 11.5, 2.5, 12], "texture": "#1"},
				"up": {"uv": [12, 2.5, 11.5, 2], "texture": "#1"},
				"down": {"uv": [3, 11.5, 2.5, 12], "texture": "#1"}
			}
		},
		{
			"from": [11.25, 10.25, 7],
			"to": [11.75, 11.75, 8],
			"rotation": {"angle": 0, "axis": "z", "origin": [11.25, 11, 8]},
			"faces": {
				"north": {"uv": [8.5, 9, 9, 10], "texture": "#1"},
				"east": {"uv": [9, 8.5, 9.5, 9.5], "texture": "#1"},
				"south": {"uv": [0, 9.5, 0.5, 10.5], "texture": "#1"},
				"west": {"uv": [9.5, 0, 10, 1], "texture": "#1"},
				"up": {"uv": [12, 3, 11.5, 2.5], "texture": "#1"},
				"down": {"uv": [3.5, 11.5, 3, 12], "texture": "#1"}
			}
		},
		{
			"from": [14.25, 10.5, 6.25],
			"to": [15.75, 11.5, 8.75],
			"rotation": {"angle": 0, "axis": "z", "origin": [15, 11, 7]},
			"faces": {
				"north": {"uv": [0.5, 9.5, 1.5, 10], "texture": "#1"},
				"east": {"uv": [7.5, 5, 9, 5.5], "texture": "#1"},
				"south": {"uv": [9.5, 1, 10.5, 1.5], "texture": "#1"},
				"west": {"uv": [7.5, 5.5, 9, 6], "texture": "#1"},
				"up": {"uv": [4.5, 5.5, 3.5, 4], "texture": "#1"},
				"down": {"uv": [5.5, 0, 4.5, 1.5], "texture": "#1"}
			}
		},
		{
			"from": [14.5, 11.5, 6.5],
			"to": [15.5, 11.75, 8.5],
			"rotation": {"angle": 0, "axis": "z", "origin": [15, 11.25, 7]},
			"faces": {
				"north": {"uv": [11.5, 3, 12, 3.5], "texture": "#1"},
				"east": {"uv": [1.5, 9.5, 2.5, 10], "texture": "#1"},
				"south": {"uv": [3.5, 11.5, 4, 12], "texture": "#1"},
				"west": {"uv": [9.5, 1.5, 10.5, 2], "texture": "#1"},
				"up": {"uv": [10, 3, 9.5, 2], "texture": "#1"},
				"down": {"uv": [3, 9.5, 2.5, 10.5], "texture": "#1"}
			}
		},
		{
			"from": [14.5, 10.25, 6.5],
			"to": [15.5, 10.5, 8.5],
			"rotation": {"angle": 0, "axis": "z", "origin": [15, 10, 7]},
			"faces": {
				"north": {"uv": [11.5, 3.5, 12, 4], "texture": "#1"},
				"east": {"uv": [9.5, 3, 10.5, 3.5], "texture": "#1"},
				"south": {"uv": [4, 11.5, 4.5, 12], "texture": "#1"},
				"west": {"uv": [9.5, 3.5, 10.5, 4], "texture": "#1"},
				"up": {"uv": [3.5, 10.5, 3, 9.5], "texture": "#1"},
				"down": {"uv": [10, 4, 9.5, 5], "texture": "#1"}
			}
		},
		{
			"from": [14.75, 11.75, 6.75],
			"to": [15.25, 12, 8.25],
			"rotation": {"angle": 0, "axis": "z", "origin": [15, 11.5, 7]},
			"faces": {
				"north": {"uv": [11.5, 4, 12, 4.5], "texture": "#1"},
				"east": {"uv": [4.5, 9.5, 5.5, 10], "texture": "#1"},
				"south": {"uv": [4.5, 11.5, 5, 12], "texture": "#1"},
				"west": {"uv": [9.5, 5, 10.5, 5.5], "texture": "#1"},
				"up": {"uv": [10, 6.5, 9.5, 5.5], "texture": "#1"},
				"down": {"uv": [8, 9.5, 7.5, 10.5], "texture": "#1"}
			}
		},
		{
			"from": [14.75, 10, 6.75],
			"to": [15.25, 10.25, 8.25],
			"rotation": {"angle": 0, "axis": "z", "origin": [15, 9.75, 7]},
			"faces": {
				"north": {"uv": [11.5, 4.5, 12, 5], "texture": "#1"},
				"east": {"uv": [9.5, 6.5, 10.5, 7], "texture": "#1"},
				"south": {"uv": [5, 11.5, 5.5, 12], "texture": "#1"},
				"west": {"uv": [9.5, 8.5, 10.5, 9], "texture": "#1"},
				"up": {"uv": [8.5, 10.5, 8, 9.5], "texture": "#1"},
				"down": {"uv": [9.5, 9.5, 9, 10.5], "texture": "#1"}
			}
		},
		{
			"from": [14.75, 10.25, 7],
			"to": [16.25, 11.75, 8],
			"rotation": {"angle": 0, "axis": "z", "origin": [15.75, 11, 8]},
			"faces": {
				"north": {"uv": [5.5, 6, 6.5, 7], "texture": "#1"},
				"east": {"uv": [9.5, 9, 10, 10], "texture": "#1"},
				"south": {"uv": [6.5, 5, 7.5, 6], "texture": "#1"},
				"west": {"uv": [10, 0, 10.5, 1], "texture": "#1"},
				"up": {"uv": [1.5, 10.5, 0.5, 10], "texture": "#1"},
				"down": {"uv": [2.5, 10, 1.5, 10.5], "texture": "#1"}
			}
		},
		{
			"from": [14.25, 9.75, 7],
			"to": [15.75, 11.25, 8],
			"rotation": {"angle": 0, "axis": "z", "origin": [15, 10, 8]},
			"faces": {
				"north": {"uv": [6.5, 6, 7.5, 7], "texture": "#1"},
				"east": {"uv": [10, 2, 10.5, 3], "texture": "#1"},
				"south": {"uv": [7, 0, 8, 1], "texture": "#1"},
				"west": {"uv": [3.5, 10, 4, 11], "texture": "#1"},
				"up": {"uv": [5, 10.5, 4, 10], "texture": "#1"},
				"down": {"uv": [11, 4, 10, 4.5], "texture": "#1"}
			}
		},
		{
			"from": [17.5, 9, 7.25],
			"to": [18.5, 14, 7.75],
			"rotation": {"angle": -22.5, "axis": "z", "origin": [8.5, 9, 7]},
			"faces": {
				"north": {"uv": [5.5, 0, 6, 2.5], "texture": "#1"},
				"east": {"uv": [5.5, 2.5, 6, 5], "texture": "#1"},
				"south": {"uv": [3.5, 5.5, 4, 8], "texture": "#1"},
				"west": {"uv": [4, 5.5, 4.5, 8], "texture": "#1"},
				"up": {"uv": [12, 5.5, 11.5, 5], "texture": "#1"},
				"down": {"uv": [6, 11.5, 5.5, 12], "texture": "#1"}
			}
		},
		{
			"from": [15.5, 2, 7.25],
			"to": [16, 3, 7.75],
			"rotation": {"angle": -45, "axis": "z", "origin": [15, 4, 7]},
			"faces": {
				"north": {"uv": [11.5, 5.5, 12, 6], "texture": "#1"},
				"east": {"uv": [6, 11.5, 6.5, 12], "texture": "#1"},
				"south": {"uv": [11.5, 6, 12, 6.5], "texture": "#1"},
				"west": {"uv": [6.5, 11.5, 7, 12], "texture": "#1"},
				"up": {"uv": [12, 7, 11.5, 6.5], "texture": "#1"},
				"down": {"uv": [7.5, 11.5, 7, 12], "texture": "#1"}
			}
		},
		{
			"from": [15, 3, 7.25],
			"to": [16, 7, 7.75],
			"rotation": {"angle": -45, "axis": "z", "origin": [15, 4, 7]},
			"faces": {
				"north": {"uv": [7, 1, 7.5, 3], "texture": "#1"},
				"east": {"uv": [5.5, 7, 6, 9], "texture": "#1"},
				"south": {"uv": [6, 7, 6.5, 9], "texture": "#1"},
				"west": {"uv": [6.5, 7, 7, 9], "texture": "#1"},
				"up": {"uv": [12, 7.5, 11.5, 7], "texture": "#1"},
				"down": {"uv": [8, 11.5, 7.5, 12], "texture": "#1"}
			}
		},
		{
			"from": [23, 18, 7.25],
			"to": [24, 20, 7.75],
			"rotation": {"angle": 45, "axis": "z", "origin": [14, 12, 7]},
			"faces": {
				"north": {"uv": [5, 10, 5.5, 11], "texture": "#1"},
				"east": {"uv": [5.5, 10, 6, 11], "texture": "#1"},
				"south": {"uv": [10, 5.5, 10.5, 6.5], "texture": "#1"},
				"west": {"uv": [6, 10, 6.5, 11], "texture": "#1"},
				"up": {"uv": [12, 8, 11.5, 7.5], "texture": "#1"},
				"down": {"uv": [8.5, 11.5, 8, 12], "texture": "#1"}
			}
		},
		{
			"from": [22.25, 21, 7.25],
			"to": [23, 21.75, 7.75],
			"rotation": {"angle": 45, "axis": "z", "origin": [13, 13, 7]},
			"faces": {
				"north": {"uv": [11.5, 8, 12, 8.5], "texture": "#1"},
				"east": {"uv": [8.5, 11.5, 9, 12], "texture": "#1"},
				"south": {"uv": [11.5, 8.5, 12, 9], "texture": "#1"},
				"west": {"uv": [9, 11.5, 9.5, 12], "texture": "#1"},
				"up": {"uv": [12, 9.5, 11.5, 9], "texture": "#1"},
				"down": {"uv": [10, 11.5, 9.5, 12], "texture": "#1"}
			}
		},
		{
			"from": [22.05, 21.5, 7.25],
			"to": [22.5, 22.25, 7.75],
			"rotation": {"angle": 45, "axis": "z", "origin": [12.5, 13.5, 7]},
			"faces": {
				"north": {"uv": [11.5, 9.5, 12, 10], "texture": "#1"},
				"east": {"uv": [10, 11.5, 10.5, 12], "texture": "#1"},
				"south": {"uv": [11.5, 10, 12, 10.5], "texture": "#1"},
				"west": {"uv": [10.5, 11.5, 11, 12], "texture": "#1"},
				"up": {"uv": [12, 11, 11.5, 10.5], "texture": "#1"},
				"down": {"uv": [11.5, 11.5, 11, 12], "texture": "#1"}
			}
		},
		{
			"from": [22, 19.5, 7.25],
			"to": [23, 21, 7.75],
			"rotation": {"angle": 45, "axis": "z", "origin": [13, 13, 7]},
			"faces": {
				"north": {"uv": [6.5, 10, 7, 11], "texture": "#1"},
				"east": {"uv": [7, 10, 7.5, 11], "texture": "#1"},
				"south": {"uv": [10, 7, 10.5, 8], "texture": "#1"},
				"west": {"uv": [8.5, 10, 9, 11], "texture": "#1"},
				"up": {"uv": [12, 11.5, 11.5, 11], "texture": "#1"},
				"down": {"uv": [12, 11.5, 11.5, 12], "texture": "#1"}
			}
		},
		{
			"from": [19.5, 12.25, 7.25],
			"to": [20.5, 20.25, 7.75],
			"rotation": {"angle": 22.5, "axis": "z", "origin": [10.5, 12.25, 7]},
			"faces": {
				"north": {"uv": [0, 0, 0.5, 4], "texture": "#1"},
				"east": {"uv": [0.5, 0, 1, 4], "texture": "#1"},
				"south": {"uv": [1, 0, 1.5, 4], "texture": "#1"},
				"west": {"uv": [1.5, 0, 2, 4], "texture": "#1"},
				"up": {"uv": [0.5, 12.5, 0, 12], "texture": "#1"},
				"down": {"uv": [12.5, 0, 12, 0.5], "texture": "#1"}
			}
		},
		{
			"from": [18.75, 9.75, 7.25],
			"to": [19.75, 16.25, 7.75],
			"rotation": {"angle": 0, "axis": "y", "origin": [9.75, 13.25, 7]},
			"faces": {
				"north": {"uv": [0, 4, 0.5, 7.5], "texture": "#1"},
				"east": {"uv": [4, 0, 4.5, 3.5], "texture": "#1"},
				"south": {"uv": [0.5, 4, 1, 7.5], "texture": "#1"},
				"west": {"uv": [1, 4, 1.5, 7.5], "texture": "#1"},
				"up": {"uv": [1, 12.5, 0.5, 12], "texture": "#1"},
				"down": {"uv": [12.5, 0.5, 12, 1], "texture": "#1"}
			}
		},
		{
			"from": [15, 4.5, 7],
			"to": [16, 8, 8],
			"rotation": {"angle": -45, "axis": "z", "origin": [15, 5, 7]},
			"faces": {
				"north": {"uv": [7, 7, 7.5, 9], "texture": "#1"},
				"east": {"uv": [0, 7.5, 0.5, 9.5], "texture": "#1"},
				"south": {"uv": [0.5, 7.5, 1, 9.5], "texture": "#1"},
				"west": {"uv": [1, 7.5, 1.5, 9.5], "texture": "#1"},
				"up": {"uv": [1.5, 12.5, 1, 12], "texture": "#1"},
				"down": {"uv": [12.5, 1, 12, 1.5], "texture": "#1"}
			}
		},
		{
			"from": [13.25, 4.5, 7],
			"to": [14, 5.5, 8],
			"rotation": {"angle": -45, "axis": "z", "origin": [13, 3, 7]},
			"faces": {
				"north": {"uv": [1.5, 12, 2, 12.5], "texture": "#1"},
				"east": {"uv": [12, 1.5, 12.5, 2], "texture": "#1"},
				"south": {"uv": [2, 12, 2.5, 12.5], "texture": "#1"},
				"west": {"uv": [12, 2, 12.5, 2.5], "texture": "#1"},
				"up": {"uv": [3, 12.5, 2.5, 12], "texture": "#1"},
				"down": {"uv": [12.5, 2.5, 12, 3], "texture": "#1"}
			}
		},
		{
			"from": [16.5, 9, 7],
			"to": [17.5, 15, 8],
			"rotation": {"angle": -22.5, "axis": "z", "origin": [7.5, 9, 7]},
			"faces": {
				"north": {"uv": [4.5, 1.5, 5, 4.5], "texture": "#1"},
				"east": {"uv": [4.5, 4.5, 5, 7.5], "texture": "#1"},
				"south": {"uv": [5, 1.5, 5.5, 4.5], "texture": "#1"},
				"west": {"uv": [5, 4.5, 5.5, 7.5], "texture": "#1"},
				"up": {"uv": [3.5, 12.5, 3, 12], "texture": "#1"},
				"down": {"uv": [12.5, 3, 12, 3.5], "texture": "#1"}
			}
		},
		{
			"from": [17.75, 9.75, 7],
			"to": [18.75, 16.25, 8],
			"rotation": {"angle": 0, "axis": "y", "origin": [8.75, 13.25, 7]},
			"faces": {
				"north": {"uv": [1.5, 4, 2, 7.5], "texture": "#1"},
				"east": {"uv": [2, 4, 2.5, 7.5], "texture": "#1"},
				"south": {"uv": [2.5, 4, 3, 7.5], "texture": "#1"},
				"west": {"uv": [3, 4, 3.5, 7.5], "texture": "#1"},
				"up": {"uv": [4, 12.5, 3.5, 12], "texture": "#1"},
				"down": {"uv": [12.5, 3.5, 12, 4], "texture": "#1"}
			}
		},
		{
			"from": [18.75, 12.25, 7],
			"to": [19.75, 20.25, 8],
			"rotation": {"angle": 22.5, "axis": "z", "origin": [9.75, 12.25, 7]},
			"faces": {
				"north": {"uv": [2, 0, 2.5, 4], "texture": "#1"},
				"east": {"uv": [2.5, 0, 3, 4], "texture": "#1"},
				"south": {"uv": [3, 0, 3.5, 4], "texture": "#1"},
				"west": {"uv": [3.5, 0, 4, 4], "texture": "#1"},
				"up": {"uv": [4.5, 12.5, 4, 12], "texture": "#1"},
				"down": {"uv": [12.5, 4, 12, 4.5], "texture": "#1"}
			}
		},
		{
			"from": [22.25, 17.5, 7],
			"to": [23, 21, 8],
			"rotation": {"angle": 45, "axis": "z", "origin": [13.25, 12, 7]},
			"faces": {
				"north": {"uv": [7.5, 1, 8, 3], "texture": "#1"},
				"east": {"uv": [1.5, 7.5, 2, 9.5], "texture": "#1"},
				"south": {"uv": [2, 7.5, 2.5, 9.5], "texture": "#1"},
				"west": {"uv": [2.5, 7.5, 3, 9.5], "texture": "#1"},
				"up": {"uv": [5, 12.5, 4.5, 12], "texture": "#1"},
				"down": {"uv": [12.5, 4.5, 12, 5], "texture": "#1"}
			}
		},
		{
			"from": [8.8, 11.05, 7.8],
			"to": [9.7, 11.95, 7.95],
			"rotation": {"angle": -45, "axis": "z", "origin": [9, 10.5, 6.2]},
			"faces": {
				"north": {"uv": [5, 12, 5.5, 12.5], "texture": "#1"},
				"east": {"uv": [12, 5, 12.5, 5.5], "texture": "#1"},
				"south": {"uv": [5.5, 12, 6, 12.5], "texture": "#1"},
				"west": {"uv": [12, 5.5, 12.5, 6], "texture": "#1"},
				"up": {"uv": [6.5, 12.5, 6, 12], "texture": "#1"},
				"down": {"uv": [12.5, 6, 12, 6.5], "texture": "#1"}
			}
		},
		{
			"from": [8.8, 11.05, 7],
			"to": [9.7, 11.95, 7.15],
			"rotation": {"angle": -45, "axis": "z", "origin": [9, 10.5, 5.4]},
			"faces": {
				"north": {"uv": [6.5, 12, 7, 12.5], "texture": "#1"},
				"east": {"uv": [12, 6.5, 12.5, 7], "texture": "#1"},
				"south": {"uv": [7, 12, 7.5, 12.5], "texture": "#1"},
				"west": {"uv": [12, 7, 12.5, 7.5], "texture": "#1"},
				"up": {"uv": [8, 12.5, 7.5, 12], "texture": "#1"},
				"down": {"uv": [12.5, 7.5, 12, 8], "texture": "#1"}
			}
		},
		{
			"from": [8.6, 10.85, 7.1],
			"to": [9.9, 12.15, 7.85],
			"rotation": {"angle": -45, "axis": "z", "origin": [9, 10.5, 6.1]},
			"faces": {
				"north": {"uv": [8, 12, 8.5, 12.5], "texture": "#1"},
				"east": {"uv": [12, 8, 12.5, 8.5], "texture": "#1"},
				"south": {"uv": [8.5, 12, 9, 12.5], "texture": "#1"},
				"west": {"uv": [12, 8.5, 12.5, 9], "texture": "#1"},
				"up": {"uv": [9.5, 12.5, 9, 12], "texture": "#1"},
				"down": {"uv": [12.5, 9, 12, 9.5], "texture": "#1"}
			}
		}
	],
	"display": {
		"thirdperson_righthand": {
			"rotation": [146.7, -89.17, 59.04],
			"translation": [-0.75, 3.75, -2.25],
			"scale": [1.38, 1.38, 1.38]
		},
		"firstperson_righthand": {
			"rotation": [0, 91, 9],
			"translation": [-5.25, 4.75, 8.75],
			"scale": [0.35, 0.35, 0.35]
		},
		"ground": {
			"translation": [-5.25, 8.75, 0]
		},
		"gui": {
			"rotation": [0, -17, 32],
			"translation": [-3.5, -8.5, 0],
			"scale": [0.95, 0.95, 0.95]
		}
	},
	"groups": [
		{
			"name": "handle",
			"origin": [0, 0, 0],
			"color": 0,
			"children": [0, 1, 2, 3, 4, 5, 6, 7, 8, 9, 10, 11, 12, 13, 14, 15, 16, 17, 18, 19, 20, 21, 22, 23, 24, 25, 26, 27, 28, 29, 30, 31, 32, 33, 34]
		},
		{
			"name": "blade",
			"origin": [6, 25, 7],
			"color": 0,
			"children": [35, 36, 37, 38, 39, 40, 41, 42, 43]
		},
		{
			"name": "innner_blade",
			"origin": [8, 8, 8],
			"color": 0,
			"children": [44, 45, 46, 47, 48, 49]
		},
		{
			"name": "end_pummel",
			"origin": [8, 8, 8],
			"color": 0,
			"children": [50, 51, 52]
		}
	]
}